city,cityId,country,countryId,date,activeUsers,newUsers,sessions,averageSessionDuration,bounceRate,engagedSessions,engagementRate,eventCount,eventCountPerUser
Los Angeles,1013962,United States,US,2022-12-03,66,61,78,108.38536162820512,0.6025641025641025,31,0.3974358974358974,393,5.954545454545454
Los Angeles,1013962,United States,US,2022-12-02,34,32,45,63.34361191111111,0.6222222222222222,17,0.3777777777777777,237,6.970588235294118
New York,1023191,United States,US,2022-11-10,30,27,31,197.95760516129036,0.4838709677419355,16,0.5161290322580645,169,5.633333333333334
Los Angeles,1013962,United States,US,2022-12-04,25,21,34,50.404147352941166,0.7058823529411765,10,0.2941176470588235,172,6.88
London,1006886,United Kingdom,GB,2022-11-10,19,18,20,19.4124708,0.75,5,0.25,81,4.2631578947368425
Los Angeles,1013962,United States,US,2022-11-10,18,17,19,91.86574300000001,0.5789473684210527,8,0.4210526315789473,98,5.444444444444445
(not set),(not set),United States,US,2022-11-10,17,16,17,15.959331941176472,0.6470588235294118,6,0.3529411764705882,71,4.176470588235294
Las Vegas,1022639,United States,US,2022-11-14,14,14,16,12.563257375,0.875,2,0.125,64,4.571428571428571
New York,1023191,United States,US,2022-11-11,11,10,12,184.13903441666665,0.8333333333333333,2,0.1666666666666666,55,5.0
Atlanta,1015254,United States,US,2022-11-10,9,9,9,3.809357555555556,1.0,0,0.0,34,3.7777777777777777
Munich,1004234,Germany,DE,2022-11-10,9,9,9,60.97219355555556,0.5555555555555555,4,0.4444444444444444,59,6.555555555555555
Boston,1018127,United States,US,2022-11-10,8,8,8,8.513762999999999,0.875,1,0.125,33,4.125
(not set),(not set),United States,US,2022-12-03,7,7,9,253.86117066666668,0.5555555555555555,4,0.4444444444444444,45,6.428571428571429
(not set),(not set),United States,US,2022-12-06,7,7,8,21.743051375,0.625,3,0.375,38,5.428571428571429
Las Vegas,1022639,United States,US,2022-12-03,7,7,8,135.420452125,0.375,5,0.625,50,7.142857142857143
Santa Monica,1014255,United States,US,2022-11-10,7,6,9,456.2983701111111,0.5555555555555555,4,0.4444444444444444,62,8.857142857142858
Las Vegas,1022639,United States,US,2022-12-02,6,6,7,181.475827,0.5714285714285714,3,0.4285714285714285,43,7.166666666666667
Montreal,1002604,Canada,CA,2022-11-10,6,6,6,1.8248598333333328,0.8333333333333333,1,0.1666666666666666,23,3.8333333333333335
New York,1023191,United States,US,2022-11-16,6,4,8,118.12092775,0.75,2,0.25,38,6.333333333333333
Washington,1014895,United States,US,2022-11-10,6,6,7,5.134129142857144,1.0,0,0.0,27,4.5
Ahmedabad,1007753,India,IN,2022-11-10,5,5,7,17.19133942857143,0.7142857142857143,2,0.2857142857142857,32,6.4
Andorra la Vella,1000006,Andorra,AD,2022-11-12,5,5,7,71.87107257142857,0.2857142857142857,5,0.7142857142857143,32,6.4
Baltimore,1018511,United States,US,2022-11-10,5,5,5,4.310012,0.8,1,0.2,24,4.8
Berlin,1003854,Germany,DE,2022-11-10,5,5,5,74.10001919999998,0.6,2,0.4,25,5.0
Dublin,1007850,Ireland,IE,2022-11-10,5,4,5,92.8427076,1.0,0,0.0,16,3.2
Los Angeles,1013962,United States,US,2022-11-14,5,5,6,373.4701708333334,0.5,3,0.5,23,4.6
Los Angeles,1013962,United States,US,2022-12-01,5,5,5,10.982241599999998,0.8,1,0.2,23,4.6
Los Angeles,1013962,United States,US,2022-12-06,5,3,6,31.32672616666667,0.5,3,0.5,32,6.4
New York,1023191,United States,US,2022-11-13,5,3,12,388.0787563333333,0.5833333333333333,5,0.4166666666666666,72,14.4
New York,1023191,United States,US,2022-12-06,5,4,5,5.8745206,0.8,1,0.2,20,4.0
Philadelphia,1025197,United States,US,2022-11-10,5,5,5,102.2493498,0.4,3,0.6,25,5.0
San Diego,1014218,United States,US,2022-12-03,5,4,6,11.780353666666668,0.6666666666666666,2,0.3333333333333333,25,5.0
Southampton,1007089,United Kingdom,GB,2022-11-10,5,5,6,11.5314185,0.8333333333333333,1,0.1666666666666666,25,5.0
Toronto,1002451,Canada,CA,2022-11-10,5,5,5,3.9263904,1.0,0,0.0,19,3.8
(not set),(not set),Germany,DE,2022-11-10,4,4,4,4.61402575,0.75,1,0.25,18,4.5
(not set),(not set),United States,US,2022-11-11,4,3,4,54.07793525,0.75,1,0.25,20,5.0
(not set),(not set),United States,US,2022-11-13,4,4,5,2.2312274,1.0,0,0.0,18,4.5
Chicago,1016367,United States,US,2022-11-10,4,4,4,71.5115475,0.75,1,0.25,21,5.25
Mumbai,1007785,India,IN,2022-11-10,4,4,4,17.5326105,0.75,1,0.25,16,4.0
Raleigh,1021278,United States,US,2022-11-10,4,4,4,3.74743625,1.0,0,0.0,15,3.75
Sao Paulo,1001773,Brazil,BR,2022-11-10,4,4,4,3.61257075,1.0,0,0.0,15,3.75
Singapore,1012096,Singapore,SG,2022-11-17,4,4,5,84.4542652,0.4,3,0.6,25,6.25
(not set),(not set),Andorra,AD,2022-11-12,3,1,6,649.1160733333334,0.8333333333333333,1,0.1666666666666666,28,9.333333333333332
(not set),(not set),Portugal,PT,2022-11-13,3,2,6,493.813887,0.3333333333333333,4,0.6666666666666666,100,33.333333333333336
(not set),(not set),United Kingdom,GB,2022-11-10,3,2,4,26.9720005,0.75,1,0.25,15,5.0
(not set),(not set),United States,US,2022-11-14,3,3,3,14.736327333333334,0.6666666666666666,1,0.3333333333333333,10,3.333333333333333
(not set),(not set),United States,US,2022-11-17,3,3,3,1.670045,0.6666666666666666,1,0.3333333333333333,12,4.0
(not set),(not set),United States,US,2022-11-27,3,3,3,76.891344,0.3333333333333333,2,0.6666666666666666,25,8.333333333333334
(not set),(not set),United States,US,2022-11-29,3,3,3,8.257458999999999,0.3333333333333333,2,0.6666666666666666,19,6.333333333333333
(not set),(not set),United States,US,2022-12-04,3,2,3,3.4446506666666665,0.6666666666666666,1,0.3333333333333333,10,3.333333333333333
Amsterdam,1010543,Netherlands,NL,2022-11-11,3,3,3,153.82816666666665,0.6666666666666666,1,0.3333333333333333,12,4.0
Ashburn,1027028,United States,US,2022-11-10,3,3,3,3.8075806666666665,1.0,0,0.0,11,3.6666666666666665
Athens,9061578,Greece,GR,2022-11-10,3,3,3,12.713891666666669,0.6666666666666666,1,0.3333333333333333,16,5.333333333333333
Bengaluru,1007768,India,IN,2022-11-18,3,3,4,76.01434900000001,0.5,2,0.5,28,9.333333333333332
Birmingham,1012954,United States,US,2022-11-10,3,3,5,3.9783886,1.0,0,0.0,17,5.666666666666667
Brisbane,1000339,Australia,AU,2022-11-11,3,2,3,16.763840666666667,0.6666666666666666,1,0.3333333333333333,13,4.333333333333333
Buenos Aires,1000073,Argentina,AR,2022-11-10,3,3,3,4.777362666666666,1.0,0,0.0,12,4.0
Cleveland,1023631,United States,US,2022-11-10,3,3,3,100.853561,0.6666666666666666,1,0.3333333333333333,18,6.0
Cork,1007835,Ireland,IE,2022-11-10,3,3,3,0.9910453333333332,1.0,0,0.0,10,3.333333333333333
Dallas,1026339,United States,US,2022-11-11,3,3,4,1.22287475,1.0,0,0.0,12,4.0
Delano,1013725,United States,US,2022-12-04,3,3,3,6.06819,1.0,0,0.0,14,4.666666666666667
Des Moines,1015746,United States,US,2022-11-10,3,3,3,2.5330076666666668,1.0,0,0.0,12,4.0
Des Moines,1015746,United States,US,2022-12-05,3,2,3,6.988093333333334,0.6666666666666666,1,0.3333333333333333,11,3.6666666666666665
Dubai,1000013,United Arab Emirates,AE,2022-12-07,3,1,4,58.58378275,0.75,1,0.25,16,5.333333333333333
Dusseldorf,1004615,Germany,DE,2022-11-11,3,3,4,1.14640325,1.0,0,0.0,12,4.0
East Orange,1022101,United States,US,2022-12-03,3,3,5,588.060905,0.4,3,0.6,28,9.333333333333332
Endicott,1022901,United States,US,2022-12-07,3,3,4,59.3749695,0.25,3,0.75,26,8.666666666666666
Fishers,1017093,United States,US,2022-11-10,3,3,4,77.56618475,0.5,2,0.5,20,6.666666666666667
Frankfurt,1004363,Germany,DE,2022-11-10,3,3,3,188.84407966666663,0.6666666666666666,1,0.3333333333333333,15,5.0
Gustine,1013840,United States,US,2022-12-02,3,3,3,36.246523333333336,0.0,3,1.0,18,6.0
Houston,1026481,United States,US,2022-11-28,3,3,3,5.5498666666666665,0.6666666666666666,1,0.3333333333333333,15,5.0
Indianapolis,1017146,United States,US,2022-11-10,3,3,3,4.918160333333334,1.0,0,0.0,12,4.0
Longview,1027642,United States,US,2022-11-10,3,3,3,19.796950333333328,0.6666666666666666,1,0.3333333333333333,14,4.666666666666667
Los Angeles,1013962,United States,US,2022-11-11,3,3,3,3.2655526666666668,1.0,0,0.0,11,3.6666666666666665
Los Angeles,1013962,United States,US,2022-11-13,3,3,3,3.972533666666667,0.6666666666666666,1,0.3333333333333333,13,4.333333333333333
Mexico City,1010043,Mexico,MX,2022-11-10,3,3,3,4.522550333333333,1.0,0,0.0,12,4.0
Miami,1015116,United States,US,2022-11-10,3,2,3,6.934542,0.6666666666666666,1,0.3333333333333333,10,3.333333333333333
Mogilev,9062748,Belarus,BY,2022-11-11,3,1,4,8.607326,0.5,2,0.5,16,5.333333333333333
New York,1023191,United States,US,2022-11-15,3,0,8,671.918727875,0.375,5,0.625,59,19.666666666666668
Pecs,1007624,Hungary,HU,2022-11-10,3,3,3,4.888772333333333,1.0,0,0.0,12,4.0
San Diego,1014218,United States,US,2022-12-02,3,3,3,4.945269333333333,1.0,0,0.0,12,4.0
San Francisco,1014221,United States,US,2022-12-02,3,3,3,12.163743333333334,0.3333333333333333,2,0.6666666666666666,15,5.0
San Jose,1014226,United States,US,2022-12-10,3,3,3,75.37690066666667,0.3333333333333333,2,0.6666666666666666,16,5.333333333333333
Seattle,1027744,United States,US,2022-11-10,3,3,3,3.3030166666666667,1.0,0,0.0,11,3.6666666666666665
Seoul,1009871,South Korea,KR,2022-11-23,3,3,3,6.686941,0.6666666666666666,1,0.3333333333333333,16,5.333333333333333
Toms River,1022441,United States,US,2022-11-11,3,3,4,12.15197125,0.75,1,0.25,20,6.666666666666667
Toronto,1002451,Canada,CA,2022-11-16,3,3,3,51.262256,0.3333333333333333,2,0.6666666666666666,21,7.0
(not set),(not set),(not set),(not set),2022-11-17,2,2,2,2.633927,1.0,0,0.0,8,4.0
(not set),(not set),(not set),(not set),2022-11-27,2,2,2,5.187723,0.0,2,1.0,10,5.0
(not set),(not set),(not set),(not set),2022-11-30,2,2,2,2.520525,1.0,0,0.0,7,3.5
(not set),(not set),Andorra,AD,2022-11-11,2,1,4,13.73157275,0.75,1,0.25,13,6.5
(not set),(not set),Australia,AU,2022-11-10,2,2,2,3.4760615,1.0,0,0.0,7,3.5
(not set),(not set),China,CN,2022-11-14,2,2,2,91.9425605,0.0,2,1.0,16,8.0
(not set),(not set),China,CN,2022-11-22,2,2,2,3.163268,1.0,0,0.0,8,4.0
(not set),(not set),China,CN,2022-11-30,2,2,2,2.9576005,0.0,2,1.0,14,7.0
(not set),(not set),Malta,MT,2022-11-26,2,2,2,46.102722,0.5,1,0.5,16,8.0
(not set),(not set),Mexico,MX,2022-11-10,2,2,2,4.439948,0.5,1,0.5,8,4.0
(not set),(not set),Peru,PE,2022-11-10,2,2,2,111.290355,0.5,1,0.5,9,4.5
(not set),(not set),Portugal,PT,2022-11-11,2,0,2,489.92508,0.0,2,1.0,34,17.0
(not set),(not set),Portugal,PT,2022-11-16,2,1,3,9.154019666666668,0.6666666666666666,1,0.3333333333333333,16,8.0
(not set),(not set),Portugal,PT,2022-11-22,2,0,2,93.482645,0.0,2,1.0,9,4.5
(not set),(not set),United States,US,2022-11-12,2,2,2,8.4888055,0.5,1,0.5,8,4.0
(not set),(not set),United States,US,2022-11-16,2,2,2,2.6843205,0.5,1,0.5,9,4.5
(not set),(not set),United States,US,2022-11-22,2,2,2,0.4241245,1.0,0,0.0,7,3.5
(not set),(not set),United States,US,2022-11-28,2,2,2,1.85098,1.0,0,0.0,8,4.0
(not set),(not set),United States,US,2022-12-02,2,1,2,20.186664,0.5,1,0.5,10,5.0
(not set),(not set),United States,US,2022-12-09,2,2,2,2.379815,1.0,0,0.0,7,3.5
(not set),(not set),United States,US,2022-12-10,2,2,2,2.4316845,1.0,0,0.0,7,3.5
Ahmedabad,1007753,India,IN,2022-11-15,2,2,2,6.4266485,1.0,0,0.0,8,4.0
Akron,1023522,United States,US,2022-11-10,2,2,2,5.0151835,0.5,1,0.5,9,4.5
Andorra la Vella,1000006,Andorra,AD,2022-11-13,2,2,2,107.644894,0.5,1,0.5,10,5.0
Atwater,1013561,United States,US,2022-12-02,2,0,2,2.668475,1.0,0,0.0,5,2.5
Atwater,1013561,United States,US,2022-12-03,2,2,2,51.2092095,0.0,2,1.0,13,6.5
Austin,1026201,United States,US,2022-11-10,2,2,2,4.8764425,1.0,0,0.0,8,4.0
Austin,1026201,United States,US,2022-12-06,2,2,2,149.4621915,0.0,2,1.0,17,8.5
Barstow,1013574,United States,US,2022-12-03,2,2,2,3.3294495,0.5,1,0.5,8,4.0
Beaverton,1024399,United States,US,2022-11-10,2,2,2,21.2171385,0.5,1,0.5,15,7.5
Beaverton,1024399,United States,US,2022-11-11,2,2,2,4.8606475,1.0,0,0.0,8,4.0
Berkeley,1013585,United States,US,2022-12-03,2,2,2,125.353901,0.0,2,1.0,20,10.0
Birmingham,1006524,United Kingdom,GB,2022-11-10,2,2,2,2.5272265,1.0,0,0.0,7,3.5
Birmingham,1006524,United Kingdom,GB,2022-11-11,2,2,2,57.965448,0.0,2,1.0,12,6.0
Bismarck,1021402,United States,US,2022-11-12,2,2,2,22.338784,0.5,1,0.5,10,5.0
Bologna,1008141,Italy,IT,2022-11-10,2,2,3,4.933158333333333,1.0,0,0.0,11,5.5
Bonn,1004597,Germany,DE,2022-11-10,2,2,2,5.00137,1.0,0,0.0,8,4.0
Broken Arrow,1024141,United States,US,2022-11-10,2,2,2,6.09344,0.5,1,0.5,11,5.5
Brooks,1001800,Canada,CA,2022-11-10,2,2,2,2.4302585,1.0,0,0.0,7,3.5
Burleson,1026257,United States,US,2022-11-10,2,2,2,73.4903355,0.5,1,0.5,18,9.0
Chennai,1007809,India,IN,2022-11-18,2,2,2,35.41371,0.5,1,0.5,9,4.5
Cincinnati,1023626,United States,US,2022-11-10,2,1,2,913.883666,0.5,1,0.5,13,6.5
Coffeyville,1017439,United States,US,2022-11-10,2,2,2,0.0615605,1.0,0,0.0,8,4.0
Cologne,1004607,Germany,DE,2022-11-11,2,2,2,4.8489295,1.0,0,0.0,8,4.0
Columbus,1023640,United States,US,2022-11-10,2,2,2,5.0649585,1.0,0,0.0,8,4.0
Commack,1022828,United States,US,2022-11-12,2,2,2,26.84842,0.5,1,0.5,17,8.5
Coquitlam,1001885,Canada,CA,2022-11-10,2,2,2,2.4566445,1.0,0,0.0,7,3.5
Cottage Grove,1019784,United States,US,2022-11-10,2,2,2,150.942106,0.0,2,1.0,29,14.5
Cottage Grove,1024430,United States,US,2022-12-02,2,1,2,84.77540149999999,1.0,0,0.0,6,3.0
Cuthbert,1015315,United States,US,2022-11-16,2,1,2,37.5898115,1.0,0,0.0,5,2.5
Dammam,9051475,Saudi Arabia,SA,2022-11-12,2,2,2,4.7806505,1.0,0,0.0,8,4.0
Delhi,9075215,India,IN,2022-11-10,2,2,2,2.407549,1.0,0,0.0,7,3.5
Dorris,1013735,United States,US,2022-11-14,2,1,2,92.7577895,0.5,1,0.5,4,2.0
Dortmund,1004611,Germany,DE,2022-11-10,2,2,2,5.1233595,1.0,0,0.0,9,4.5
Dusslingen,9048292,Germany,DE,2022-11-10,2,2,2,4.971195,1.0,0,0.0,8,4.0
Edmonton,1001808,Canada,CA,2022-11-10,2,2,2,4.8825395,1.0,0,0.0,8,4.0
Fairmount,9051925,United States,US,2022-11-13,2,2,3,267.1220893333333,0.3333333333333333,2,0.6666666666666666,47,23.5
Flower Mound,1026398,United States,US,2022-11-10,2,2,2,2.458869,1.0,0,0.0,7,3.5
Fort Pierce,1015031,United States,US,2022-11-10,2,2,3,50.46564266666667,0.3333333333333333,2,0.6666666666666666,19,9.5
Georgetown,1026424,United States,US,2022-11-10,2,2,2,84.142756,0.0,2,1.0,16,8.0
Ghent,1001208,Belgium,BE,2022-11-11,2,2,2,22.237347,0.5,1,0.5,9,4.5
Glen Allen,1027142,United States,US,2022-11-27,2,2,2,296.6844015,0.0,2,1.0,13,6.5
Haddonfield,1022158,United States,US,2022-11-21,2,2,2,53.449336,0.5,1,0.5,11,5.5
Hayward,1013848,United States,US,2022-11-10,2,2,2,13.1973155,0.5,1,0.5,9,4.5
Hulst,9050970,Netherlands,NL,2022-11-10,2,2,2,4.952003,1.0,0,0.0,8,4.0
Huntington Station,1023023,United States,US,2022-11-18,2,2,4,4.171565,0.75,1,0.25,13,6.5
Issy-les-Moulineaux,1006034,France,FR,2022-11-11,2,2,2,11.055303,0.5,1,0.5,9,4.5
Jersey City,1022194,United States,US,2022-12-05,2,2,2,77.98216699999999,0.5,1,0.5,9,4.5
Joliet,1016584,United States,US,2022-12-06,2,2,2,35.8979255,0.0,2,1.0,11,5.5
Kuala Lumpur,1010274,Malaysia,MY,2022-11-10,2,2,2,4.968767,1.0,0,0.0,8,4.0
Lakeport,1013928,United States,US,2022-11-11,2,1,2,1.945417,1.0,0,0.0,7,3.5
Las Vegas,1022639,United States,US,2022-11-10,2,2,2,4.904384,1.0,0,0.0,8,4.0
Lisbon,1011742,Portugal,PT,2022-11-13,2,2,2,9.560874,0.5,1,0.5,15,7.5
London,1006886,United Kingdom,GB,2022-11-12,2,1,4,137.19448,0.75,1,0.25,28,14.0
London,1006886,United Kingdom,GB,2022-11-21,2,2,2,70.448588,0.0,2,1.0,13,6.5
Long Beach,1013958,United States,US,2022-11-10,2,2,2,2.4552575,1.0,0,0.0,7,3.5
Los Angeles,1013962,United States,US,2022-11-27,2,2,2,613.8799745,0.5,1,0.5,11,5.5
Los Angeles,1013962,United States,US,2022-12-05,2,0,3,27.264592333333336,0.6666666666666666,1,0.3333333333333333,15,7.5
Madrid,1005493,Spain,ES,2022-11-10,2,2,2,814.9510205,0.5,1,0.5,16,8.0
Manchester,1006912,United Kingdom,GB,2022-11-10,2,2,2,2.446086,1.0,0,0.0,7,3.5
Mar del Plata,1000042,Argentina,AR,2022-11-10,2,2,2,25.395908,0.5,1,0.5,28,14.0
Medford,1024511,United States,US,2022-12-02,2,1,2,2.442006,1.0,0,0.0,6,3.0
Milan,1008463,Italy,IT,2022-11-10,2,2,2,2.2261965,1.0,0,0.0,7,3.5
Milford,1014765,United States,US,2022-11-11,2,2,3,948.351327,0.0,3,1.0,31,15.5
Mount Olive,9052486,United States,US,2022-11-17,2,2,2,344.32115,0.0,2,1.0,11,5.5
Mount Vernon,1027669,United States,US,2022-12-02,2,2,2,6.1792265,0.5,1,0.5,8,4.0
Nashville,1026083,United States,US,2022-11-10,2,2,2,4.9387935,1.0,0,0.0,8,4.0
New York,1023191,United States,US,2022-11-14,2,1,8,61.606564375,0.625,3,0.375,43,21.5
New York,1023191,United States,US,2022-11-23,2,2,3,839.5800143333331,0.3333333333333333,2,0.6666666666666666,32,16.0
Nottingham,1006965,United Kingdom,GB,2022-11-13,2,2,3,13.305625666666666,0.6666666666666666,1,0.3333333333333333,10,5.0
Orlando,1015150,United States,US,2022-11-10,2,2,2,4.9378335,1.0,0,0.0,8,4.0
Philadelphia,1025197,United States,US,2022-12-02,2,2,2,277.729017,0.0,2,1.0,16,8.0
Phoenix,1013462,United States,US,2022-11-10,2,2,2,4.9895335,1.0,0,0.0,8,4.0
Plummer,1016215,United States,US,2022-11-10,2,2,2,2.5206805,1.0,0,0.0,7,3.5
Plummer,1016215,United States,US,2022-12-03,2,2,2,18.9588225,0.5,1,0.5,12,6.0
Portland,1024543,United States,US,2022-11-10,2,2,2,16.999718,0.5,1,0.5,11,5.5
Quincy,1027721,United States,US,2022-12-03,2,2,2,2.4385105,0.5,1,0.5,9,4.5
Recife,1001625,Brazil,BR,2022-11-10,2,2,2,4.7940025,1.0,0,0.0,8,4.0
Richmond,1027270,United States,US,2022-11-27,2,2,2,30.233345,0.5,1,0.5,11,5.5
Riyadh,1012088,Saudi Arabia,SA,2022-11-10,2,2,3,7.867693333333331,0.3333333333333333,2,0.6666666666666666,18,9.0
Rome,1008736,Italy,IT,2022-11-10,2,2,2,5.0449875,1.0,0,0.0,8,4.0
San Antonio,1026759,United States,US,2022-11-10,2,2,2,2.5189425,1.0,0,0.0,8,4.0
San Antonio,1026759,United States,US,2022-11-11,2,2,2,4.9112565,1.0,0,0.0,8,4.0
Santa Monica,1014255,United States,US,2022-11-17,2,1,3,17.16723633333333,0.6666666666666666,1,0.3333333333333333,11,5.5
Santa Monica,1014255,United States,US,2022-12-02,2,1,2,41.0056435,0.5,1,0.5,8,4.0
Santo Domingo,1005362,Dominican Republic,DO,2022-11-15,2,1,4,4.78772,1.0,0,0.0,14,7.0
Savannah,1015501,United States,US,2022-11-10,2,2,2,2.453158,1.0,0,0.0,7,3.5
Schaumburg,1016834,United States,US,2022-11-30,2,2,2,39.457334,0.0,2,1.0,18,9.0
Sharjah,9047580,United Arab Emirates,AE,2022-12-07,2,2,2,67.4090895,0.5,1,0.5,11,5.5
Singapore,1012096,Singapore,SG,2022-12-05,2,2,2,9.929971,0.5,1,0.5,10,5.0
South Orange,1022417,United States,US,2022-11-29,2,2,2,17.7681985,0.5,1,0.5,12,6.0
Sydney,1000286,Australia,AU,2022-11-10,2,2,2,39.459921,0.5,1,0.5,11,5.5
Syracuse,1023416,United States,US,2022-11-10,2,2,2,4.567254,1.0,0,0.0,8,4.0
Teaneck,1022436,United States,US,2022-11-11,2,2,2,239.7572175,0.0,2,1.0,11,5.5
Thomas Township,9052977,United States,US,2022-11-30,2,2,2,65.0928225,0.0,2,1.0,13,6.5
Toowoomba,1000412,Australia,AU,2022-11-10,2,2,2,18.001176,0.5,1,0.5,9,4.5
Union City,1022447,United States,US,2022-11-11,2,2,2,3.1875285,1.0,0,0.0,7,3.5
Upper Hutt,1011056,New Zealand,NZ,2022-11-10,2,2,3,15.285234666666668,0.3333333333333333,2,0.6666666666666666,12,6.0
Vacaville,1014361,United States,US,2022-11-10,2,2,2,4.4800245,1.0,0,0.0,8,4.0
Vancouver,1001970,Canada,CA,2022-11-14,2,2,2,535.5126345,0.5,1,0.5,8,4.0
West Covina,1014388,United States,US,2022-11-10,2,2,3,205.5552233333333,0.6666666666666666,1,0.3333333333333333,12,6.0
Whittier,1014399,United States,US,2022-11-10,2,2,2,4.952046,1.0,0,0.0,8,4.0
Yerevan,9070053,Armenia,AM,2022-11-11,2,1,3,217.43322466666663,0.0,3,1.0,15,7.5
Yuba City,1014424,United States,US,2022-11-26,2,1,2,243.081494,0.5,1,0.5,26,13.0
(not set),(not set),Andorra,AD,2022-11-10,1,0,2,5.7893605,1.0,0,0.0,7,7.0
(not set),(not set),Australia,AU,2022-11-11,1,1,1,0.0,1.0,0,0.0,3,3.0
(not set),(not set),Belgium,BE,2022-11-10,1,1,1,12.646951,0.0,1,1.0,6,6.0
(not set),(not set),Brazil,BR,2022-11-11,1,1,1,3.699425,1.0,0,0.0,4,4.0
(not set),(not set),Canada,CA,2022-11-16,1,1,1,4.847393,1.0,0,0.0,6,6.0
(not set),(not set),Germany,DE,2022-11-12,1,1,1,4.988015,1.0,0,0.0,4,4.0
(not set),(not set),Germany,DE,2022-11-24,1,1,1,26.955143,0.0,1,1.0,11,11.0
(not set),(not set),Greece,GR,2022-11-10,1,1,1,0.0,1.0,0,0.0,3,3.0
(not set),(not set),Guam,GU,2022-11-10,1,1,1,12.063906,0.0,1,1.0,8,8.0
(not set),(not set),Guatemala,GT,2022-11-10,1,1,1,0.0,1.0,0,0.0,3,3.0
(not set),(not set),Iceland,IS,2022-11-12,1,0,1,131.020922,0.0,1,1.0,6,6.0
(not set),(not set),Italy,IT,2022-11-10,1,1,1,9.575194,0.0,1,1.0,7,7.0
(not set),(not set),Mexico,MX,2022-11-16,1,1,1,18.857274,0.0,1,1.0,8,8.0
(not set),(not set),Netherlands,NL,2022-11-10,1,1,1,6.630942,1.0,0,0.0,5,5.0
(not set),(not set),Portugal,PT,2022-11-14,1,0,1,6.958208,0.0,1,1.0,7,7.0
(not set),(not set),Portugal,PT,2022-11-18,1,0,3,11.534142333333332,0.3333333333333333,2,0.6666666666666666,41,41.0
(not set),(not set),Portugal,PT,2022-11-19,1,0,1,23.79525,0.0,1,1.0,4,4.0
(not set),(not set),Portugal,PT,2022-11-25,1,0,1,8.159243,0.0,1,1.0,9,9.0
(not set),(not set),Puerto Rico,PR,2022-12-04,1,1,1,58.32934,0.0,1,1.0,7,7.0
(not set),(not set),Sweden,SE,2022-11-10,1,1,1,10.678989,0.0,1,1.0,7,7.0
(not set),(not set),Ukraine,UA,2022-12-01,1,1,1,0.754862,1.0,0,0.0,5,5.0
(not set),(not set),United Kingdom,GB,2022-11-14,1,1,1,4.985104,1.0,0,0.0,4,4.0
(not set),(not set),United Kingdom,GB,2022-11-17,1,0,1,39.825829,0.0,1,1.0,5,5.0
(not set),(not set),United States,US,2022-11-18,1,1,1,0.0,1.0,0,0.0,3,3.0
(not set),(not set),United States,US,2022-11-19,1,1,1,0.0,1.0,0,0.0,3,3.0
(not set),(not set),United States,US,2022-11-20,1,1,1,0.0,1.0,0,0.0,3,3.0
(not set),(not set),United States,US,2022-11-21,1,1,1,0.0,1.0,0,0.0,3,3.0
(not set),(not set),United States,US,2022-11-23,1,1,1,0.0,1.0,0,0.0,3,3.0
(not set),(not set),United States,US,2022-11-24,1,1,1,0.0,1.0,0,0.0,3,3.0
(not set),(not set),United States,US,2022-11-25,1,1,2,0.0,1.0,0,0.0,5,5.0
(not set),(not set),United States,US,2022-11-26,1,1,1,0.0,1.0,0,0.0,3,3.0
(not set),(not set),United States,US,2022-12-01,1,1,1,12.052051,0.0,1,1.0,7,7.0
(not set),(not set),United States,US,2022-12-05,1,1,1,0.0,1.0,0,0.0,3,3.0
(not set),(not set),United States,US,2022-12-07,1,1,1,0.0,1.0,0,0.0,3,3.0
(not set),(not set),United States,US,2022-12-08,1,1,1,0.0,1.0,0,0.0,3,3.0
4116,9105431,Hungary,HU,2022-11-10,1,1,1,4.891985,1.0,0,0.0,4,4.0
Abha,1028876,Saudi Arabia,SA,2022-11-16,1,1,1,80.854007,0.0,1,1.0,7,7.0
Abu Dhabi,1000010,United Arab Emirates,AE,2022-11-22,1,0,1,4.661941,0.0,1,1.0,5,5.0
Abu Dhabi,1000010,United Arab Emirates,AE,2022-12-02,1,0,1,4.779535,1.0,0,0.0,3,3.0
Abu Dhabi,1000010,United Arab Emirates,AE,2022-12-07,1,0,2,15.241418,0.0,2,1.0,10,10.0
Adelaide,1000422,Australia,AU,2022-11-10,1,1,1,4.699857,1.0,0,0.0,4,4.0
Adelaide,1000422,Australia,AU,2022-11-11,1,1,1,4.77254,1.0,0,0.0,4,4.0
Adelaide,1000422,Australia,AU,2022-11-13,1,1,1,13.43486,0.0,1,1.0,7,7.0
Agoura Hills,1013526,United States,US,2022-11-15,1,1,2,170.5035075,0.0,2,1.0,17,17.0
Ahmedabad,1007753,India,IN,2022-11-12,1,0,2,37.0544705,0.5,1,0.5,6,6.0
Ahmedabad,1007753,India,IN,2022-11-14,1,0,1,15.335367,0.0,1,1.0,7,7.0
Aiken,1025496,United States,US,2022-11-10,1,1,1,6.982451,1.0,0,0.0,4,4.0
Alabaster,1012931,United States,US,2022-11-11,1,1,1,13.568042,0.0,1,1.0,11,11.0
Alabaster,1012931,United States,US,2022-11-12,1,1,1,26.612083,0.0,1,1.0,7,7.0
Albuquerque,1022494,United States,US,2022-11-10,1,1,1,0.0,1.0,0,0.0,3,3.0
Albuquerque,1022494,United States,US,2022-11-11,1,1,1,4.891333,1.0,0,0.0,4,4.0
Albuquerque,1022494,United States,US,2022-11-28,1,1,1,4.619893,1.0,0,0.0,4,4.0
Albury,1000148,Australia,AU,2022-12-02,1,0,1,939.036216,1.0,0,0.0,2,2.0
Alderwood Manor,9051502,United States,US,2022-11-10,1,1,1,4.957041,1.0,0,0.0,4,4.0
Alexandria,1027019,United States,US,2022-11-16,1,1,1,4.927925,1.0,0,0.0,4,4.0
Alpena,1019124,United States,US,2022-11-11,1,1,1,4.887577,1.0,0,0.0,4,4.0
Americus,1015250,United States,US,2022-11-10,1,1,1,4.921946,1.0,0,0.0,4,4.0
Anaheim,1013542,United States,US,2022-11-25,1,1,1,10.517877,0.0,1,1.0,5,5.0
Anchorage,1012873,United States,US,2022-11-27,1,0,1,21.444073,0.0,1,1.0,5,5.0
Anderson,1016981,United States,US,2022-11-30,1,1,1,10.303706,0.0,1,1.0,7,7.0
Andorra la Vella,1000006,Andorra,AD,2022-11-14,1,1,1,4.980614,1.0,0,0.0,4,4.0
Angers,1006271,France,FR,2022-11-11,1,0,1,71.379898,1.0,0,0.0,2,2.0
Annapolis,1018507,United States,US,2022-11-27,1,1,1,32.856144,0.0,1,1.0,6,6.0
Annapolis,1018507,United States,US,2022-12-06,1,1,1,12.554064,0.0,1,1.0,5,5.0
Appleton,1027830,United States,US,2022-11-22,1,1,1,12.17014,0.0,1,1.0,5,5.0
Arcadia,1017928,United States,US,2022-12-01,1,1,1,4.914897,1.0,0,0.0,4,4.0
Arcata,1013553,United States,US,2022-11-18,1,1,1,16.028753,0.0,1,1.0,5,5.0
Arcata,1013553,United States,US,2022-12-03,1,0,1,140.694069,1.0,0,0.0,1,1.0
Arlington,1026194,United States,US,2022-11-10,1,1,1,4.917736,1.0,0,0.0,4,4.0
Arlington,1027027,United States,US,2022-11-13,1,1,1,4.99525,1.0,0,0.0,4,4.0
Arnprior,1002165,Canada,CA,2022-11-14,1,1,1,4.952517,1.0,0,0.0,4,4.0
Arona,1008571,Italy,IT,2022-12-01,1,1,1,3.110925,1.0,0,0.0,5,5.0
Ashburn,1027028,United States,US,2022-11-27,1,1,2,62.468207,0.0,2,1.0,15,15.0
Asheville,1020991,United States,US,2022-11-10,1,0,1,183.820977,1.0,0,0.0,2,2.0
Asheville,1020991,United States,US,2022-12-07,1,1,1,25.961553,0.0,1,1.0,9,9.0
Ashford,1006483,United Kingdom,GB,2022-11-10,1,1,1,3.071465,1.0,0,0.0,5,5.0
Ashland,1017684,United States,US,2022-12-03,1,1,1,4.800794,1.0,0,0.0,4,4.0
Astoria,1024391,United States,US,2022-11-10,1,1,1,0.0,1.0,0,0.0,3,3.0
Atlanta,1015254,United States,US,2022-11-12,1,1,1,28.76912,0.0,1,1.0,7,7.0
Atlanta,1015254,United States,US,2022-11-13,1,1,1,4.900062,1.0,0,0.0,4,4.0
Atlanta,1015254,United States,US,2022-11-17,1,1,2,0.0,1.0,0,0.0,5,5.0
Atlanta,1015254,United States,US,2022-12-01,1,1,2,7.5982695,1.0,0,0.0,8,8.0
Atlanta,1015254,United States,US,2022-12-02,1,1,1,15.295188,0.0,1,1.0,5,5.0
Atlanta,1015254,United States,US,2022-12-04,1,0,1,44.217879,0.0,1,1.0,7,7.0
Attleboro,1018104,United States,US,2022-11-17,1,1,1,4.914453,1.0,0,0.0,4,4.0
Attleboro,1018104,United States,US,2022-12-04,1,1,1,15.459012,0.0,1,1.0,12,12.0
Atwater,1013561,United States,US,2022-12-01,1,0,1,4.417009,1.0,0,0.0,3,3.0
Auburn,1022702,United States,US,2022-11-10,1,1,1,4.998885,1.0,0,0.0,4,4.0
Auckland,1011036,New Zealand,NZ,2022-11-21,1,1,1,4.622737,1.0,0,0.0,5,5.0
Auckland,1011036,New Zealand,NZ,2022-11-22,1,1,1,18.840407,0.0,1,1.0,8,8.0
Auckland,1011036,New Zealand,NZ,2022-11-25,1,1,1,17.428896,0.0,1,1.0,8,8.0
Auckland,1011036,New Zealand,NZ,2022-11-26,1,1,1,11.69063,0.0,1,1.0,7,7.0
Auckland,1011036,New Zealand,NZ,2022-11-29,1,1,1,2.968196,1.0,0,0.0,5,5.0
Auckland,1011036,New Zealand,NZ,2022-12-01,1,1,1,24.446553,0.0,1,1.0,8,8.0
Augsburg,1004102,Germany,DE,2022-11-10,1,1,1,5.049987,1.0,0,0.0,4,4.0
Aurora,1014437,United States,US,2022-11-30,1,1,1,4.977779,1.0,0,0.0,4,4.0
Aurora,1014437,United States,US,2022-12-03,1,0,1,0.0,1.0,0,0.0,2,2.0
Baie-Saint-Paul,1002496,Canada,CA,2022-11-10,1,0,1,0.0,1.0,0,0.0,2,2.0
Balingen,1003912,Germany,DE,2022-11-11,1,0,1,271.776965,0.0,1,1.0,25,25.0
Bangkok,1012728,Thailand,TH,2022-11-10,1,1,1,4.844181,1.0,0,0.0,4,4.0
Bangor,1018764,United States,US,2022-11-22,1,1,1,4.887762,1.0,0,0.0,4,4.0
Bangor,1018764,United States,US,2022-11-30,1,1,1,38.071372,0.0,1,1.0,14,14.0
Barcelona,1005424,Spain,ES,2022-11-11,1,1,1,4.9708,1.0,0,0.0,4,4.0
Basel,1002964,Switzerland,CH,2022-11-10,1,1,1,4.980806,1.0,0,0.0,4,4.0
Bath,1018768,United States,US,2022-11-14,1,0,1,25.599254,0.0,1,1.0,9,9.0
Battle Creek,1019144,United States,US,2022-11-10,1,0,1,50.944488,1.0,0,0.0,1,1.0
Bayonne,1022018,United States,US,2022-11-12,1,1,2,4.9176125,1.0,0,0.0,7,7.0
Bedford,1016995,United States,US,2022-12-06,1,1,1,34.764474,0.0,1,1.0,8,8.0
Bend,1024400,United States,US,2022-12-02,1,1,1,0.0,1.0,0,0.0,3,3.0
Bergen Municipality,9047251,Norway,NO,2022-11-10,1,1,1,4.944991,1.0,0,0.0,4,4.0
Berlin,1003854,Germany,DE,2022-11-26,1,1,1,3.391911,0.0,1,1.0,7,7.0
Bethlehem,1024667,United States,US,2022-11-10,1,1,1,0.0,0.0,1,1.0,3,3.0
Bethlehem,1024667,United States,US,2022-11-14,1,1,1,736.212034,0.0,1,1.0,5,5.0
Biddeford,1018776,United States,US,2022-11-10,1,1,1,30.765249,0.0,1,1.0,26,26.0
Blackpool,1006532,United Kingdom,GB,2022-11-10,1,1,1,4.916107,1.0,0,0.0,4,4.0
Boa Vista,1031488,Brazil,BR,2022-11-10,1,1,1,4.946548,1.0,0,0.0,4,4.0
Boardman,1024403,United States,US,2022-11-22,1,1,1,4.976332,1.0,0,0.0,4,4.0
Bogota,1003659,Colombia,CO,2022-11-11,1,1,1,11.50817,0.0,1,1.0,5,5.0
Boise,1016131,United States,US,2022-11-10,1,1,1,4.874934,1.0,0,0.0,4,4.0
Boise,1016131,United States,US,2022-11-16,1,1,1,8.723316,0.0,1,1.0,9,9.0
Bonaventure,1002508,Canada,CA,2022-11-14,1,1,1,4.986649,1.0,0,0.0,4,4.0
Boston,1018127,United States,US,2022-11-30,1,1,1,11.16033,0.0,1,1.0,5,5.0
Boston,1018127,United States,US,2022-12-02,1,0,1,0.0,1.0,0,0.0,2,2.0
Boulder,1014448,United States,US,2022-11-17,1,1,1,5.491918,0.0,1,1.0,7,7.0
Bradford,1006553,United Kingdom,GB,2022-11-10,1,1,1,4.869032,1.0,0,0.0,4,4.0
Bridgeville,1014898,United States,US,2022-11-10,1,1,1,4.995507,1.0,0,0.0,4,4.0
Bridgewater Township,1022049,United States,US,2022-11-11,1,1,1,0.0,1.0,0,0.0,3,3.0
Brisbane,1000339,Australia,AU,2022-11-10,1,1,1,3.959336,1.0,0,0.0,4,4.0
Bristol,1025439,United States,US,2022-12-09,1,1,1,86.163833,0.0,1,1.0,7,7.0
Brunswick,1004478,Germany,DE,2022-11-11,1,1,1,4.079028,0.0,1,1.0,7,7.0
Buffalo,1022764,United States,US,2022-11-21,1,1,1,4.817296,1.0,0,0.0,4,4.0
Canandaigua,1022781,United States,US,2022-11-11,1,0,1,11.514573,0.0,1,1.0,3,3.0
Canoas,1001670,Brazil,BR,2022-11-10,1,1,1,0.0,1.0,0,0.0,3,3.0
Cape Coral,1014976,United States,US,2022-11-12,1,1,1,50.486234,0.0,1,1.0,4,4.0
Cardiff,1007416,United Kingdom,GB,2022-11-10,1,1,1,4.958708,1.0,0,0.0,4,4.0
Carlsbad,1013651,United States,US,2022-12-03,1,0,1,0.0,1.0,0,0.0,2,2.0
Carpina,1031556,Brazil,BR,2022-11-10,1,1,1,4.872775,1.0,0,0.0,4,4.0
Catalina Foothills,9051703,United States,US,2022-11-30,1,1,1,48.397832,0.0,1,1.0,12,12.0
Cave Junction,1024416,United States,US,2022-12-02,1,1,1,0.0,1.0,0,0.0,3,3.0
Cazadero,1013663,United States,US,2022-11-22,1,0,1,4.552804,1.0,0,0.0,3,3.0
Cazadero,1013663,United States,US,2022-12-02,1,0,1,424.682343,1.0,0,0.0,1,1.0
Cazadero,1013663,United States,US,2022-12-03,1,1,1,0.0,1.0,0,0.0,3,3.0
Celebration,9051707,United States,US,2022-11-10,1,1,1,0.0,1.0,0,0.0,3,3.0
Central Point,1024417,United States,US,2022-12-02,1,1,1,0.0,1.0,0,0.0,3,3.0
Central Point,1024417,United States,US,2022-12-03,1,1,1,14.697124,0.0,1,1.0,5,5.0
Centralia,1027536,United States,US,2022-11-26,1,1,1,0.0,0.0,1,1.0,3,3.0
Chambers,1021628,United States,US,2022-11-13,1,1,1,4.959266,1.0,0,0.0,4,4.0
Chandler,1013387,United States,US,2022-12-03,1,0,1,0.0,0.0,1,1.0,2,2.0
Chantilly,1027067,United States,US,2022-12-06,1,1,1,44.794697,0.0,1,1.0,6,6.0
Charlotte,1021048,United States,US,2022-11-11,1,1,1,0.0,1.0,0,0.0,3,3.0
Charlotte,1021048,United States,US,2022-11-30,1,1,1,5.351245,0.0,1,1.0,7,7.0
Cheektowaga,9051720,United States,US,2022-11-13,1,1,1,4.875503,1.0,0,0.0,4,4.0
Chester,1025525,United States,US,2022-11-20,1,1,1,1346.841502,0.0,1,1.0,7,7.0
Chesterfield,1020256,United States,US,2022-12-01,1,1,1,0.0,1.0,0,0.0,3,3.0
Cheyenne,1028458,United States,US,2022-12-05,1,1,1,1.861225,1.0,0,0.0,4,4.0
Chicago,1016367,United States,US,2022-11-12,1,1,1,31.757683,0.0,1,1.0,4,4.0
Chicago,1016367,United States,US,2022-11-16,1,1,1,4.917923,1.0,0,0.0,4,4.0
Chicago,1016367,United States,US,2022-11-23,1,1,1,1717.412796,0.0,1,1.0,5,5.0
Chicago,1016367,United States,US,2022-11-27,1,1,1,12.949697,0.0,1,1.0,11,11.0
Cincinnati,1023626,United States,US,2022-11-11,1,0,1,2754.937826,0.0,1,1.0,71,71.0
Cincinnati,1023626,United States,US,2022-11-12,1,1,1,158.087602,0.0,1,1.0,10,10.0
Cincinnati,1023626,United States,US,2022-11-17,1,0,1,42.128917,0.0,1,1.0,6,6.0
Clare,1019213,United States,US,2022-11-11,1,0,1,121.748926,0.0,1,1.0,6,6.0
Clearlake,1013682,United States,US,2022-11-11,1,1,1,0.0,1.0,0,0.0,3,3.0
Clearlake,1013682,United States,US,2022-12-03,1,0,1,0.0,1.0,0,0.0,2,2.0
Clearwater,1014984,United States,US,2022-11-10,1,1,1,0.0,1.0,0,0.0,3,3.0
Cleveland,1023631,United States,US,2022-11-11,1,1,1,0.0,1.0,0,0.0,3,3.0
Cleveland,1023631,United States,US,2022-11-13,1,1,2,400.046233,0.5,1,0.5,7,7.0
Clewiston,1014987,United States,US,2022-11-10,1,1,1,54.265608,0.0,1,1.0,4,4.0
Clewiston,1014987,United States,US,2022-11-18,1,0,1,498.921693,1.0,0,0.0,2,2.0
Clinton,1014694,United States,US,2022-11-10,1,0,1,0.0,1.0,0,0.0,2,2.0
Clinton,1021058,United States,US,2022-11-10,1,1,1,0.0,0.0,1,1.0,3,3.0
Clinton Township,1019220,United States,US,2022-11-10,1,1,1,4.939105,1.0,0,0.0,4,4.0
Coalville,1006643,United Kingdom,GB,2022-11-10,1,1,1,4.039855,1.0,0,0.0,5,5.0
Coleman,1026304,United States,US,2022-11-30,1,0,1,42.978497,1.0,0,0.0,4,4.0
College Place,1027547,United States,US,2022-11-14,1,0,1,0.0,1.0,0,0.0,2,2.0
College Place,1027547,United States,US,2022-11-28,1,0,1,1680.197793,1.0,0,0.0,1,1.0
Cologne,1004607,Germany,DE,2022-11-10,1,1,1,5.002196,1.0,0,0.0,4,4.0
Cologne,1004607,Germany,DE,2022-11-17,1,0,1,5.53917,0.0,1,1.0,5,5.0
Columbia,1018552,United States,US,2022-11-27,1,1,1,2.752515,1.0,0,0.0,6,6.0
Columbia,1020268,United States,US,2022-11-10,1,1,1,4.905414,1.0,0,0.0,4,4.0
Columbus,1023640,United States,US,2022-11-29,1,1,1,34.560676,0.0,1,1.0,7,7.0
Colusa,1013695,United States,US,2022-12-03,1,1,1,45.982097,0.0,1,1.0,5,5.0
Colwood,9047862,Canada,CA,2022-11-21,1,1,1,65.493471,0.0,1,1.0,9,9.0
Concepcion,1003302,Chile,CL,2022-11-10,1,1,1,0.0,1.0,0,0.0,3,3.0
Concord,1013697,United States,US,2022-11-10,1,1,1,4.965656,1.0,0,0.0,4,4.0
Cookeville,1025954,United States,US,2022-11-10,1,1,1,4.796971,1.0,0,0.0,4,4.0
Copperopolis,1013698,United States,US,2022-12-02,1,1,1,0.0,1.0,0,0.0,3,3.0
Copperopolis,1013698,United States,US,2022-12-04,1,1,1,30.674236,0.0,1,1.0,5,5.0
Coquille,1024426,United States,US,2022-12-09,1,1,1,97.937125,0.0,1,1.0,7,7.0
Cottage Grove,1024430,United States,US,2022-11-28,1,0,1,356.17777,0.0,1,1.0,3,3.0
Cottonwood,1013706,United States,US,2022-11-26,1,0,1,44.260387,1.0,0,0.0,2,2.0
Courtland,1027088,United States,US,2022-11-27,1,1,1,174.831668,0.0,1,1.0,14,14.0
Coventry,1006656,United Kingdom,GB,2022-11-10,1,1,1,26.815454,0.0,1,1.0,12,12.0
Cranston,1025446,United States,US,2022-11-10,1,1,1,4.966524,1.0,0,0.0,4,4.0
Crewe,1006663,United Kingdom,GB,2022-11-10,1,1,1,4.92337,1.0,0,0.0,4,4.0
Crystal,9051795,United States,US,2022-11-22,1,1,1,20.606173,0.0,1,1.0,4,4.0
Culpeper,1027092,United States,US,2022-11-11,1,1,1,0.0,1.0,0,0.0,3,3.0
Curitiba,1001634,Brazil,BR,2022-11-10,1,1,1,4.870722,1.0,0,0.0,4,4.0
Dalhart,1026338,United States,US,2022-12-03,1,1,1,12.38536,0.0,1,1.0,5,5.0
Dallas,1026339,United States,US,2022-11-10,1,1,1,45.924917,0.0,1,1.0,6,6.0
Dallas,1026339,United States,US,2022-11-12,1,1,1,4.871481,1.0,0,0.0,4,4.0
Dallas,1026339,United States,US,2022-11-13,1,0,1,9.95257,1.0,0,0.0,3,3.0
Dallas,1026339,United States,US,2022-11-20,1,1,1,879.25844,0.0,1,1.0,15,15.0
Dallas,1026339,United States,US,2022-11-24,1,1,1,21.562209,0.0,1,1.0,8,8.0
Dallas,1026339,United States,US,2022-11-28,1,0,1,2.510354,1.0,0,0.0,3,3.0
Dallas,1026339,United States,US,2022-12-01,1,1,1,86.667337,0.0,1,1.0,22,22.0
Dallas,1026339,United States,US,2022-12-03,1,0,1,0.0,1.0,0,0.0,2,2.0
Danville,1016403,United States,US,2022-11-30,1,1,1,4.953528,0.0,1,1.0,6,6.0
Darien,1015321,United States,US,2022-11-10,1,0,1,0.0,1.0,0,0.0,2,2.0
Dax,9049518,France,FR,2022-11-11,1,1,1,26.003622,0.0,1,1.0,4,4.0
Daytona Beach,1015001,United States,US,2022-11-11,1,1,1,4.967571,1.0,0,0.0,4,4.0
Decatur,1025969,United States,US,2022-11-17,1,1,1,10.403641,0.0,1,1.0,6,6.0
Deer Park,1027567,United States,US,2022-11-21,1,0,1,375.924841,1.0,0,0.0,2,2.0
Delavan,1027932,United States,US,2022-11-27,1,1,1,7.852668,1.0,0,0.0,5,5.0
Delhi,9075215,India,IN,2022-11-11,1,0,1,32.11857,0.0,1,1.0,4,4.0
Delta,1026919,United States,US,2022-11-10,1,1,1,4.859484,1.0,0,0.0,4,4.0
Denver,1014485,United States,US,2022-11-11,1,1,1,4.941941,1.0,0,0.0,4,4.0
Denver,1014485,United States,US,2022-11-16,1,1,1,4.878433,1.0,0,0.0,4,4.0
Dijon,1005850,France,FR,2022-11-10,1,1,1,5.020864,1.0,0,0.0,4,4.0
Doha,1011785,Qatar,QA,2022-11-22,1,1,1,4.677902,1.0,0,0.0,4,4.0
Donaueschingen,9048284,Germany,DE,2022-11-10,1,1,1,4.850164,1.0,0,0.0,4,4.0
Dorris,1013735,United States,US,2022-12-02,1,0,1,4.892063,1.0,0,0.0,3,3.0
Dover,1021840,United States,US,2022-11-10,1,1,1,11.108348,0.0,1,1.0,9,9.0
Downey,1013737,United States,US,2022-11-10,1,1,1,4.695392,1.0,0,0.0,4,4.0
Dubai,1000013,United Arab Emirates,AE,2022-11-22,1,0,1,89.932498,1.0,0,0.0,3,3.0
Duffield,1027105,United States,US,2022-11-10,1,1,1,0.0,0.0,1,1.0,3,3.0
Dunn,1021084,United States,US,2022-11-17,1,1,1,35.539396,0.0,1,1.0,8,8.0
Durham,1021085,United States,US,2022-11-10,1,1,1,43.381656,0.0,1,1.0,8,8.0
Eagle Butte,1025741,United States,US,2022-12-03,1,1,1,4.913974,1.0,0,0.0,4,4.0
East Los Angeles,9051873,United States,US,2022-12-02,1,1,1,86.501871,0.0,1,1.0,9,9.0
East Los Angeles,9051873,United States,US,2022-12-03,1,1,1,10.300669,0.0,1,1.0,5,5.0
East Los Angeles,9051873,United States,US,2022-12-08,1,0,1,5.049387,1.0,0,0.0,3,3.0
East Orange,1022101,United States,US,2022-11-10,1,1,1,5.026866,1.0,0,0.0,4,4.0
Eau Claire,1027944,United States,US,2022-11-13,1,1,1,4.906994,1.0,0,0.0,4,4.0
Ede,1010373,Netherlands,NL,2022-12-02,1,1,1,7.066526,1.0,0,0.0,5,5.0
Eden,1021088,United States,US,2022-11-11,1,1,1,0.0,1.0,0,0.0,3,3.0
Edmonton,1001808,Canada,CA,2022-11-11,1,1,1,0.0,1.0,0,0.0,3,3.0
Edmonton,1001808,Canada,CA,2022-11-13,1,1,1,0.0,1.0,0,0.0,3,3.0
El Cajon,1013751,United States,US,2022-12-02,1,1,2,12.7970075,0.5,1,0.5,8,8.0
El Dorado,1017460,United States,US,2022-12-06,1,0,1,4.284013,1.0,0,0.0,3,3.0
Ely,1022625,United States,US,2022-11-10,1,0,1,0.0,1.0,0,0.0,2,2.0
Ely,1022625,United States,US,2022-11-26,1,0,1,160.972658,1.0,0,0.0,2,2.0
Ely,1022625,United States,US,2022-12-03,1,1,1,197.779645,0.0,1,1.0,14,14.0
Englewood,1022113,United States,US,2022-11-10,1,1,1,4.962699,1.0,0,0.0,4,4.0
Entiat,1027580,United States,US,2022-12-02,1,1,1,0.0,1.0,0,0.0,3,3.0
Erfurt,1004979,Germany,DE,2022-11-11,1,1,1,22.644586,0.0,1,1.0,10,10.0
Erie,1024841,United States,US,2022-11-10,1,1,1,0.0,1.0,0,0.0,3,3.0
Escondido,1013771,United States,US,2022-11-30,1,1,1,0.0,1.0,0,0.0,3,3.0
Essen,1004625,Germany,DE,2022-11-10,1,1,1,4.795878,1.0,0,0.0,4,4.0
Estero,1015020,United States,US,2022-11-10,1,1,1,0.0,1.0,0,0.0,3,3.0
Eugene,1024453,United States,US,2022-11-14,1,1,2,11.646024,0.5,1,0.5,12,12.0
Eugene,1024453,United States,US,2022-11-15,1,0,4,2.89993875,1.0,0,0.0,11,11.0
Eureka,1013774,United States,US,2022-11-10,1,1,1,4.987383,1.0,0,0.0,4,4.0
Exmore,1027114,United States,US,2022-12-06,1,1,1,4.633073,1.0,0,0.0,6,6.0
Eynsham,1006711,United Kingdom,GB,2022-11-12,1,1,1,23.961768,0.0,1,1.0,6,6.0
Fairfield,1013778,United States,US,2022-12-03,1,1,1,8.554472,1.0,0,0.0,5,5.0
Fallon,1022627,United States,US,2022-12-03,1,1,1,11.410515,0.0,1,1.0,5,5.0
Fargo,1021434,United States,US,2022-11-14,1,1,1,5.901142,1.0,0,0.0,5,5.0
Farragut,9051938,United States,US,2022-12-02,1,1,1,4.822792,1.0,0,0.0,4,4.0
Feucht,9048341,Germany,DE,2022-11-11,1,1,1,4.930598,1.0,0,0.0,4,4.0
Florence,1008311,Italy,IT,2022-11-10,1,1,2,5.0727185,1.0,0,0.0,7,7.0
Fontana,1013790,United States,US,2022-12-04,1,1,1,4.897731,1.0,0,0.0,4,4.0
Forbes,9047628,Australia,AU,2022-12-02,1,1,1,11.392628,0.0,1,1.0,5,5.0
Fort Bliss,9051967,United States,US,2022-11-10,1,1,1,4.883361,1.0,0,0.0,4,4.0
Fort Gratiot Township,9051969,United States,US,2022-11-10,1,1,1,5.960109,1.0,0,0.0,5,5.0
Fort Irwin,1013807,United States,US,2022-11-10,1,0,1,7.904065,1.0,0,0.0,4,4.0
Fort Irwin,1013807,United States,US,2022-11-14,1,0,1,0.0,1.0,0,0.0,2,2.0
Fort Lee,1022136,United States,US,2022-12-07,1,1,1,4.967535,1.0,0,0.0,4,4.0
Fort Pierce,1015031,United States,US,2022-11-11,1,0,1,465.648692,0.0,1,1.0,5,5.0
Fort Pierce,1015031,United States,US,2022-11-13,1,0,1,4.971024,1.0,0,0.0,3,3.0
Fredericksburg,1027130,United States,US,2022-11-10,1,1,1,4.926659,1.0,0,0.0,4,4.0
Fredericksburg,1027130,United States,US,2022-12-02,1,0,1,4.876009,1.0,0,0.0,3,3.0
Freehold Township,9051993,United States,US,2022-12-04,1,1,2,6.9965365,0.5,1,0.5,7,7.0
Fremont,1013802,United States,US,2022-11-10,1,1,1,19.092502,0.0,1,1.0,4,4.0
Fremont,1019300,United States,US,2022-12-10,1,1,1,0.0,1.0,0,0.0,3,3.0
Fresno,1013804,United States,US,2022-11-11,1,1,1,64.720172,0.0,1,1.0,5,5.0
Fresno,1013804,United States,US,2022-12-03,1,1,1,0.0,1.0,0,0.0,3,3.0
Friedberg,1004364,Germany,DE,2022-11-10,1,1,1,0.0,1.0,0,0.0,3,3.0
Front Royal,1027131,United States,US,2022-11-10,1,1,1,0.0,1.0,0,0.0,3,3.0
Fullerton,1013808,United States,US,2022-12-06,1,0,3,577.7272863333334,0.6666666666666666,1,0.3333333333333333,10,10.0
Gaeta,9050614,Italy,IT,2022-11-10,1,1,1,4.551967,1.0,0,0.0,4,4.0
Gainesville,1015033,United States,US,2022-11-10,1,0,1,27.45693,1.0,0,0.0,10,10.0
Gainesville,1015033,United States,US,2022-11-11,1,1,1,65.768984,0.0,1,1.0,5,5.0
Galion,1023707,United States,US,2022-12-03,1,1,1,48.871504,0.0,1,1.0,7,7.0
Garden Grove,1013812,United States,US,2022-11-10,1,1,1,58.863226,0.0,1,1.0,4,4.0
Gerlach,1022631,United States,US,2022-11-14,1,1,1,4.984725,1.0,0,0.0,4,4.0
Gerlach,1022631,United States,US,2022-11-22,1,0,1,259.207752,0.0,1,1.0,3,3.0
Germantown,1018598,United States,US,2022-11-13,1,1,1,5.029157,1.0,0,0.0,4,4.0
Gilroy,1013817,United States,US,2022-12-02,1,1,1,4.862797,1.0,0,0.0,4,4.0
Glasgow,1007336,United Kingdom,GB,2022-11-17,1,1,1,11.118439,0.0,1,1.0,10,10.0
Glen Burnie,1018600,United States,US,2022-11-13,1,1,1,5.089983,1.0,0,0.0,4,4.0
Glen Cove,1022946,United States,US,2022-11-10,1,0,1,32.770445,1.0,0,0.0,2,2.0
Glendale Heights,1016502,United States,US,2022-11-28,1,1,1,668.111816,0.0,1,1.0,7,7.0
Gloucester Township,9052031,United States,US,2022-11-11,1,1,1,2.839382,1.0,0,0.0,5,5.0
Gouverneur,1022954,United States,US,2022-11-11,1,0,1,0.0,1.0,0,0.0,2,2.0
Grand Prairie,1026439,United States,US,2022-11-11,1,1,1,4.934431,1.0,0,0.0,4,4.0
Grand Rapids,1019316,United States,US,2022-11-10,1,1,1,15.007273,0.0,1,1.0,4,4.0
Grangeville,1016163,United States,US,2022-11-27,1,1,1,83.812064,0.0,1,1.0,9,9.0
Grayling,1019321,United States,US,2022-11-11,1,1,1,5.133542,0.0,1,1.0,4,4.0
Graz,1000900,Austria,AT,2022-12-05,1,1,1,105.811764,0.0,1,1.0,8,8.0
Greece,9052058,United States,US,2022-11-10,1,1,1,4.956888,1.0,0,0.0,4,4.0
Greenacres,9052064,United States,US,2022-11-10,1,1,1,0.0,1.0,0,0.0,3,3.0
Greensboro,1021129,United States,US,2022-11-10,1,1,1,4.947611,1.0,0,0.0,4,4.0
Greenwood,1025566,United States,US,2022-11-22,1,1,1,5.962582,1.0,0,0.0,5,5.0
Grodno,9062749,Belarus,BY,2022-11-11,1,0,1,32.719255,1.0,0,0.0,2,2.0
Grodno,9062749,Belarus,BY,2022-11-19,1,1,1,4.983783,1.0,0,0.0,4,4.0
Groveton,9052078,United States,US,2022-11-27,1,1,1,4.954671,1.0,0,0.0,4,4.0
Gustine,1013840,United States,US,2022-11-14,1,1,1,2.517649,1.0,0,0.0,5,5.0
Guymon,1024216,United States,US,2022-11-10,1,1,1,4.942576,1.0,0,0.0,4,4.0
Gypsum,1014533,United States,US,2022-11-16,1,1,1,10.915376,0.0,1,1.0,5,5.0
Haarlem,1010561,Netherlands,NL,2022-11-17,1,1,1,0.0,1.0,0,0.0,3,3.0
Haarlem,1010561,Netherlands,NL,2022-11-26,1,1,1,0.0,1.0,0,0.0,3,3.0
Hagerstown,1018611,United States,US,2022-11-10,1,1,1,4.981853,1.0,0,0.0,4,4.0
Haifa,1007973,Israel,IL,2022-12-01,1,1,1,6.927061,0.0,1,1.0,7,7.0
Haltom City,1026451,United States,US,2022-11-10,1,1,1,4.783538,1.0,0,0.0,4,4.0
Hamburg,1004437,Germany,DE,2022-11-11,1,1,1,4.142881,1.0,0,0.0,4,4.0
Hamilton,1002287,Canada,CA,2022-11-11,1,1,1,41.280635,0.0,1,1.0,6,6.0
Hamilton,1002287,Canada,CA,2022-12-06,1,1,1,5.040872,0.0,1,1.0,6,6.0
Hampton,1027156,United States,US,2022-11-10,1,1,1,0.0,1.0,0,0.0,3,3.0
Hampton,1027156,United States,US,2022-11-18,1,1,1,14.992804,0.0,1,1.0,5,5.0
Hampton Township,9052092,United States,US,2022-11-12,1,1,1,4.961978,1.0,0,0.0,4,4.0
Hanford,1013843,United States,US,2022-11-14,1,1,1,0.0,1.0,0,0.0,3,3.0
Hanover,9052099,United States,US,2022-11-10,1,1,1,32.2038,0.0,1,1.0,6,6.0
Haverhill,1018238,United States,US,2022-11-10,1,1,2,0.0,1.0,0,0.0,5,5.0
Hawthorne,1022634,United States,US,2022-11-18,1,1,1,15.702399,0.0,1,1.0,5,5.0
Hayward,1013848,United States,US,2022-11-21,1,1,1,5.072825,0.0,1,1.0,6,6.0
Heilbronn,1003959,Germany,DE,2022-11-11,1,1,1,8.39303,1.0,0,0.0,5,5.0
Helsinki,1005582,Finland,FI,2022-11-10,1,1,1,12.439801,0.0,1,1.0,5,5.0
Hermiston,1024478,United States,US,2022-12-07,1,1,1,55.378947,0.0,1,1.0,15,15.0
Herriman,9052124,United States,US,2022-11-10,1,1,1,4.910105,1.0,0,0.0,4,4.0
Hialeah,1015049,United States,US,2022-11-10,1,1,1,5.013146,1.0,0,0.0,4,4.0
Hilchenbach,9048431,Germany,DE,2022-11-10,1,1,1,21.794117,0.0,1,1.0,6,6.0
Hinton,1028356,United States,US,2022-11-22,1,1,1,4.736849,1.0,0,0.0,4,4.0
Hobart,1000480,Australia,AU,2022-11-18,1,1,1,49.341384,0.0,1,1.0,6,6.0
Hollywood,1015054,United States,US,2022-11-10,1,1,1,7.749871,1.0,0,0.0,5,5.0
Homberg,9068641,Germany,DE,2022-11-10,1,1,1,0.0,1.0,0,0.0,3,3.0
Homer,1012894,United States,US,2022-11-27,1,1,1,16.589926,0.0,1,1.0,5,5.0
Homerville,1015388,United States,US,2022-11-10,1,1,1,0.0,1.0,0,0.0,3,3.0
Honeoye Falls,1023010,United States,US,2022-11-10,1,1,1,4.888227,1.0,0,0.0,4,4.0
Honolulu,1015579,United States,US,2022-11-10,1,1,1,29.824783,0.0,1,1.0,4,4.0
Honolulu,1015579,United States,US,2022-12-04,1,1,1,4.722898,1.0,0,0.0,4,4.0
Hoover,9052156,United States,US,2022-11-10,1,1,1,4.853273,1.0,0,0.0,4,4.0
Hopkinton,9052160,United States,US,2022-11-11,1,1,1,4.913191,1.0,0,0.0,4,4.0
Houston,1026481,United States,US,2022-11-10,1,1,1,4.916343,1.0,0,0.0,4,4.0
Houston,1026481,United States,US,2022-11-25,1,1,1,20.352798,0.0,1,1.0,6,6.0
Houston,1026481,United States,US,2022-12-05,1,1,2,2.5071865,1.0,0,0.0,6,6.0
Howard City,1019362,United States,US,2022-12-06,1,1,1,6.943013,1.0,0,0.0,5,5.0
Humeston,1015838,United States,US,2022-11-16,1,1,1,12.334251,0.0,1,1.0,6,6.0
Huron,1013871,United States,US,2022-11-26,1,0,1,290.624653,1.0,0,0.0,20,20.0
Hurst,1026490,United States,US,2022-11-13,1,1,1,0.0,1.0,0,0.0,3,3.0
Hutchinson,1017518,United States,US,2022-11-13,1,1,1,4.445627,1.0,0,0.0,4,4.0
Ilion,1023027,United States,US,2022-11-10,1,1,1,0.0,1.0,0,0.0,3,3.0
Indianapolis,1017146,United States,US,2022-12-07,1,1,1,22.506687,0.0,1,1.0,9,9.0
Innsbruck,1000941,Austria,AT,2022-11-11,1,1,1,314.164088,0.0,1,1.0,10,10.0
Iserlohn,1004664,Germany,DE,2022-11-10,1,1,1,0.0,1.0,0,0.0,3,3.0
Istanbul,1012782,Turkey,TR,2022-11-10,1,1,1,5.270427,1.0,0,0.0,4,4.0
Itasca,1016579,United States,US,2022-11-26,1,1,1,4.238335,1.0,0,0.0,5,5.0
Jacksonville,1015067,United States,US,2022-12-06,1,1,1,52.424705,0.0,1,1.0,8,8.0
Jacksonville Beach,1015068,United States,US,2022-11-11,1,1,1,90.088575,0.0,1,1.0,4,4.0
Jeddah,1012089,Saudi Arabia,SA,2022-11-16,1,1,1,4.720985,1.0,0,0.0,4,4.0
Jersey City,1022194,United States,US,2022-11-11,1,1,1,4.963652,1.0,0,0.0,4,4.0
Jerseyville,1016582,United States,US,2022-11-13,1,1,1,0.0,1.0,0,0.0,3,3.0
Jerseyville,1016582,United States,US,2022-11-14,1,0,1,271.142807,1.0,0,0.0,1,1.0
Johannesburg,1028665,South Africa,ZA,2022-11-11,1,0,1,92.041149,1.0,0,0.0,7,7.0
Johns Creek,9052206,United States,US,2022-11-10,1,1,1,4.424188,1.0,0,0.0,4,4.0
Johnson City,1026032,United States,US,2022-12-05,1,1,1,0.0,1.0,0,0.0,3,3.0
Joint Base Andrews,1018506,United States,US,2022-11-10,1,1,1,5.226262,1.0,0,0.0,4,4.0
Julian,1013892,United States,US,2022-11-14,1,0,1,106.588661,1.0,0,0.0,1,1.0
Julian,1013892,United States,US,2022-11-23,1,0,1,0.0,1.0,0,0.0,2,2.0
Kansas City,1020414,United States,US,2022-11-10,1,1,1,5.00092,1.0,0,0.0,4,4.0
Kapolei,1015589,United States,US,2022-11-10,1,1,1,4.905728,0.0,1,1.0,4,4.0
Kelkheim,9048473,Germany,DE,2022-11-10,1,1,1,4.870325,1.0,0,0.0,4,4.0
Kellogg,1016177,United States,US,2022-12-03,1,1,1,8.261058,1.0,0,0.0,5,5.0
Kentville,1002115,Canada,CA,2022-11-10,1,1,2,2.882173,0.5,1,0.5,8,8.0
Key Largo,1015075,United States,US,2022-11-10,1,0,1,97.498921,1.0,0,0.0,2,2.0
Key West,1015076,United States,US,2022-11-18,1,0,1,145.617874,1.0,0,0.0,8,8.0
Kingston,1002310,Canada,CA,2022-11-10,1,1,1,4.895114,1.0,0,0.0,4,4.0
Kirkland,1027627,United States,US,2022-11-12,1,1,1,4.971036,1.0,0,0.0,4,4.0
Kirkland,1027627,United States,US,2022-11-27,1,1,1,28.19884,0.0,1,1.0,6,6.0
Kitchener,1002312,Canada,CA,2022-11-10,1,0,2,359.9200225,0.5,1,0.5,7,7.0
Kitchener,1002312,Canada,CA,2022-11-14,1,0,1,1379.109111,0.0,1,1.0,8,8.0
Kitchener,1002312,Canada,CA,2022-11-30,1,0,1,5.306828,0.0,1,1.0,5,5.0
Knik-Fairview,9052248,United States,US,2022-11-27,1,1,2,4.8501145,1.0,0,0.0,7,7.0
Knoxville,1026036,United States,US,2022-11-10,1,1,1,0.0,1.0,0,0.0,3,3.0
Knoxville,1026036,United States,US,2022-11-12,1,1,1,0.0,1.0,0,0.0,3,3.0
Knoxville,1026036,United States,US,2022-11-13,1,1,1,0.0,1.0,0,0.0,3,3.0
Konigsbrunn,9048490,Germany,DE,2022-11-10,1,1,1,4.963091,1.0,0,0.0,4,4.0
Korschenbroich,1004674,Germany,DE,2022-11-10,1,1,1,23.323372,0.0,1,1.0,5,5.0
Kotzebue,1012901,United States,US,2022-11-27,1,0,1,0.0,1.0,0,0.0,2,2.0
Kozhikode,1007778,India,IN,2022-11-14,1,0,1,0.000202,1.0,0,0.0,3,3.0
Kuwait City,1009897,Kuwait,KW,2022-12-07,1,1,1,4.259295,1.0,0,0.0,4,4.0
La Grande,1024493,United States,US,2022-11-26,1,0,1,153.66981,1.0,0,0.0,6,6.0
La Grande,1024493,United States,US,2022-12-03,1,1,1,0.0,1.0,0,0.0,3,3.0
La Grange,1017811,United States,US,2022-11-10,1,1,1,0.0,1.0,0,0.0,3,3.0
La Grange,1017811,United States,US,2022-11-17,1,1,1,4.910603,1.0,0,0.0,4,4.0
Lachute,1002572,Canada,CA,2022-11-14,1,1,1,4.955536,1.0,0,0.0,4,4.0
Lacombe,1001823,Canada,CA,2022-11-10,1,1,1,4.867705,1.0,0,0.0,4,4.0
Laie,1015599,United States,US,2022-11-10,1,0,1,73.703317,1.0,0,0.0,1,1.0
Lakeland,1015088,United States,US,2022-11-11,1,0,1,23.343011,0.0,1,1.0,4,4.0
Lakeside,1024496,United States,US,2022-11-22,1,0,1,0.0,1.0,0,0.0,2,2.0
Lakeside,9052281,United States,US,2022-11-10,1,1,1,23.323966,0.0,1,1.0,5,5.0
Lakeville,1019925,United States,US,2022-11-26,1,1,2,4.8639525,1.0,0,0.0,7,7.0
Lakeway,9052283,United States,US,2022-11-27,1,1,1,3.736139,1.0,0,0.0,5,5.0
Langley Township,9072429,Canada,CA,2022-11-11,1,1,1,0.0,1.0,0,0.0,3,3.0
Las Cruces,1022549,United States,US,2022-12-04,1,1,1,5.909907,1.0,0,0.0,4,4.0
Las Vegas,1022639,United States,US,2022-11-13,1,1,1,4.731265,1.0,0,0.0,4,4.0
Las Vegas,1022639,United States,US,2022-11-30,1,1,1,0.0,1.0,0,0.0,3,3.0
Lawrence,1023080,United States,US,2022-11-13,1,1,1,5.024549,1.0,0,0.0,4,4.0
Leeds,1013055,United States,US,2022-11-10,1,1,1,4.682078,1.0,0,0.0,5,5.0
Leiden,1010722,Netherlands,NL,2022-11-10,1,1,1,19.142956,0.0,1,1.0,7,7.0
Leipsic,9052311,United States,US,2022-11-24,1,1,1,10.166378,0.0,1,1.0,7,7.0
Leipzig,1004927,Germany,DE,2022-11-10,1,1,1,4.944379,1.0,0,0.0,4,4.0
Leipzig,1004927,Germany,DE,2022-11-11,1,1,1,31.281337,0.0,1,1.0,6,6.0
Leipzig,1004927,Germany,DE,2022-11-12,1,1,1,5.838878,0.0,1,1.0,8,8.0
Leland,1021185,United States,US,2022-11-11,1,1,1,20.427956,0.0,1,1.0,12,12.0
Levittown,1023083,United States,US,2022-11-25,1,1,1,7.529862,0.0,1,1.0,8,8.0
Lewiston,1016184,United States,US,2022-12-03,1,1,1,84.62757,0.0,1,1.0,6,6.0
Licking,1020451,United States,US,2022-11-16,1,1,1,9.7847,0.0,1,1.0,6,6.0
Lincolnton,1021190,United States,US,2022-11-18,1,1,1,13.776137,0.0,1,1.0,5,5.0
Linden,1022222,United States,US,2022-11-11,1,1,1,4.968012,1.0,0,0.0,4,4.0
Linz,1000827,Austria,AT,2022-11-10,1,1,1,0.0,1.0,0,0.0,3,3.0
Lisbon,1011742,Portugal,PT,2022-11-22,1,0,1,72.824939,0.0,1,1.0,14,14.0
Lisbon,1011742,Portugal,PT,2022-11-29,1,0,1,506.397487,0.0,1,1.0,5,5.0
Lisbon,1011742,Portugal,PT,2022-11-30,1,0,1,36.450289,0.0,1,1.0,7,7.0
Lisbon,1011742,Portugal,PT,2022-12-07,1,0,1,7.368792,0.0,1,1.0,9,9.0
Lisbon,1011742,Portugal,PT,2022-12-10,1,0,1,3.305753,1.0,0,0.0,4,4.0
Little Ferry,1022225,United States,US,2022-11-23,1,0,1,0.0,1.0,0,0.0,2,2.0
Livingston,1013061,United States,US,2022-12-03,1,0,1,86.963444,1.0,0,0.0,2,2.0
Livingston,1020921,United States,US,2022-12-07,1,1,1,0.0,1.0,0,0.0,3,3.0
London,1002325,Canada,CA,2022-11-10,1,1,1,5.133268,1.0,0,0.0,4,4.0
London,1006886,United Kingdom,GB,2022-11-11,1,1,2,379.772164,0.0,2,1.0,13,13.0
London,1006886,United Kingdom,GB,2022-11-14,1,1,1,4.921524,1.0,0,0.0,4,4.0
London,1006886,United Kingdom,GB,2022-11-15,1,0,3,6.777335,0.6666666666666666,1,0.3333333333333333,10,10.0
London,1006886,United Kingdom,GB,2022-11-17,1,1,1,90.430202,0.0,1,1.0,12,12.0
London,1006886,United Kingdom,GB,2022-11-22,1,1,1,4.967121,1.0,0,0.0,4,4.0
Long Beach,1013958,United States,US,2022-11-12,1,1,1,4.935352,1.0,0,0.0,4,4.0
Long Beach,1027641,United States,US,2022-12-02,1,0,1,0.0,0.0,1,1.0,2,2.0
Long Beach,1027641,United States,US,2022-12-03,1,1,1,10.79683,0.0,1,1.0,5,5.0
Lookout Mountain,1015420,United States,US,2022-11-17,1,1,1,4.936797,1.0,0,0.0,4,4.0
Loris,1025605,United States,US,2022-11-10,1,0,1,119.475532,1.0,0,0.0,2,2.0
Los Angeles,1013962,United States,US,2022-11-15,1,1,2,23.194489,0.5,1,0.5,6,6.0
Los Angeles,1013962,United States,US,2022-11-17,1,0,1,18.093588,0.0,1,1.0,5,5.0
Los Angeles,1013962,United States,US,2022-11-18,1,1,1,4.853817,1.0,0,0.0,4,4.0
Los Angeles,1013962,United States,US,2022-11-21,1,0,1,0.0,1.0,0,0.0,2,2.0
Los Angeles,1013962,United States,US,2022-11-22,1,0,1,0.0,1.0,0,0.0,2,2.0
Los Angeles,1013962,United States,US,2022-11-23,1,0,2,0.0,1.0,0,0.0,4,4.0
Los Angeles,1013962,United States,US,2022-11-25,1,1,1,11.228792,0.0,1,1.0,7,7.0
Los Angeles,1013962,United States,US,2022-11-26,1,1,1,78.621805,0.0,1,1.0,9,9.0
Los Angeles,1013962,United States,US,2022-11-28,1,0,1,0.0,1.0,0,0.0,2,2.0
Los Angeles,1013962,United States,US,2022-11-30,1,0,1,8.660471,1.0,0,0.0,2,2.0
Los Angeles,1013962,United States,US,2022-12-07,1,1,1,0.0,1.0,0,0.0,3,3.0
Lowell,1019420,United States,US,2022-11-18,1,0,1,0.0,0.0,1,1.0,2,2.0
Lubbock,1026578,United States,US,2022-11-10,1,1,1,5.020133,1.0,0,0.0,4,4.0
Madison,1015428,United States,US,2022-11-10,1,0,1,183.597374,1.0,0,0.0,3,3.0
Madison,1028057,United States,US,2022-11-11,1,1,1,20.550358,0.0,1,1.0,8,8.0
Madisonville,1026059,United States,US,2022-11-11,1,1,1,0.0,0.0,1,1.0,3,3.0
Madrid,1005493,Spain,ES,2022-11-14,1,1,1,2.68559,1.0,0,0.0,4,4.0
Malaga,1005419,Spain,ES,2022-11-17,1,1,1,20.912892,0.0,1,1.0,36,36.0
Manchester,9052377,United States,US,2022-12-07,1,1,1,10.462862,0.0,1,1.0,7,7.0
Manhattan,1017557,United States,US,2022-11-14,1,1,1,0.0,0.0,1,1.0,3,3.0
Manhattan Beach,1013980,United States,US,2022-12-09,1,1,1,84.642114,0.0,1,1.0,6,6.0
Mansfield,1026591,United States,US,2022-12-03,1,1,2,4.9645195,1.0,0,0.0,7,7.0
Maplewood,1022244,United States,US,2022-11-11,1,1,1,5.100086,1.0,0,0.0,4,4.0
Margaretville,1023123,United States,US,2022-11-10,1,0,1,14.534138,1.0,0,0.0,3,3.0
Marshall,1021206,United States,US,2022-12-05,1,1,1,11.684227,0.0,1,1.0,5,5.0
Marysville,1027654,United States,US,2022-11-10,1,1,1,4.965826,1.0,0,0.0,4,4.0
Mattawa,1002337,Canada,CA,2022-11-10,1,0,1,7.951615,0.0,1,1.0,4,4.0
Medford,1024511,United States,US,2022-11-13,1,1,1,0.000391,1.0,0,0.0,5,5.0
Melbourne,1000567,Australia,AU,2022-11-14,1,1,1,36.357461,0.0,1,1.0,4,4.0
Melbourne,1000567,Australia,AU,2022-12-02,1,1,1,4.846618,1.0,0,0.0,4,4.0
Mentor,1023831,United States,US,2022-11-25,1,1,1,6.269111,1.0,0,0.0,5,5.0
Merced,1014004,United States,US,2022-11-11,1,0,1,0.0,1.0,0,0.0,2,2.0
Mesa,1013445,United States,US,2022-11-10,1,1,1,4.913642,1.0,0,0.0,4,4.0
Mesquite,1026619,United States,US,2022-11-12,1,1,1,40.97124,0.0,1,1.0,8,8.0
Mexico City,1010043,Mexico,MX,2022-12-02,1,1,1,52.244625,0.0,1,1.0,10,10.0
Miami,1015116,United States,US,2022-11-11,1,1,1,2.586017,1.0,0,0.0,5,5.0
Middleborough,1018302,United States,US,2022-11-10,1,1,1,7.959552,0.0,1,1.0,7,7.0
Middleburg Heights,9052430,United States,US,2022-11-10,1,1,1,4.800876,1.0,0,0.0,4,4.0
Middletown,1014764,United States,US,2022-11-10,1,1,1,0.0,1.0,0,0.0,3,3.0
Midland,1019457,United States,US,2022-11-10,1,1,1,0.0,1.0,0,0.0,3,3.0
Milanville,1025084,United States,US,2022-11-16,1,0,1,59.953575,1.0,0,0.0,2,2.0
Milanville,1025084,United States,US,2022-12-06,1,0,1,0.0,1.0,0,0.0,2,2.0
Millville,1022266,United States,US,2022-11-11,1,1,1,4.929421,1.0,0,0.0,4,4.0
Milwaukee,1028087,United States,US,2022-11-28,1,1,1,54.427754,0.0,1,1.0,8,8.0
Milwaukee,1028087,United States,US,2022-11-30,1,1,1,5.05685,1.0,0,0.0,4,4.0
Minford,1023848,United States,US,2022-11-11,1,1,1,0.0,1.0,0,0.0,3,3.0
Minneapolis,1019973,United States,US,2022-11-10,1,0,1,5.438844,1.0,0,0.0,4,4.0
Minneapolis,1019973,United States,US,2022-11-16,1,1,1,13.175331,0.0,1,1.0,6,6.0
Minneapolis,1019973,United States,US,2022-12-08,1,1,1,87.051102,0.0,1,1.0,12,12.0
Minsk,1001493,Belarus,BY,2022-11-11,1,0,1,0.0,0.0,1,1.0,2,2.0
Monmouth,9052460,United States,US,2022-12-02,1,1,1,0.0,1.0,0,0.0,3,3.0
Monmouth,9052460,United States,US,2022-12-06,1,1,1,4.905425,1.0,0,0.0,4,4.0
Monroe,1018030,United States,US,2022-11-10,1,1,1,4.873195,1.0,0,0.0,4,4.0
Mont-Joli,1002597,Canada,CA,2022-11-10,1,0,1,16.870954,0.0,1,1.0,4,4.0
Montargis,9049896,France,FR,2022-11-21,1,1,1,0.0,1.0,0,0.0,3,3.0
Montebello,1014027,United States,US,2022-12-04,1,0,1,5.041657,1.0,0,0.0,3,3.0
Montebello,1014027,United States,US,2022-12-06,1,0,1,79.305223,0.0,1,1.0,7,7.0
Montebelluna,1008884,Italy,IT,2022-11-10,1,1,1,4.996987,1.0,0,0.0,4,4.0
Montevideo,1012872,Uruguay,UY,2022-11-10,1,1,1,8.600059,0.0,1,1.0,7,7.0
Montreal,1002604,Canada,CA,2022-11-11,1,1,1,4.873723,1.0,0,0.0,4,4.0
Montreal,1002604,Canada,CA,2022-11-25,1,1,1,11.508418,0.0,1,1.0,5,5.0
Moreno Valley,1014033,United States,US,2022-12-03,1,1,1,13.303164,0.0,1,1.0,5,5.0
Morristown,9052478,United States,US,2022-11-25,1,1,1,17.19186,0.0,1,1.0,6,6.0
Morton,1027666,United States,US,2022-11-14,1,0,1,1106.800955,1.0,0,0.0,1,1.0
Morton,1027666,United States,US,2022-12-03,1,0,1,2.274341,1.0,0,0.0,3,3.0
Moscow,1025111,United States,US,2022-11-10,1,1,1,0.0,1.0,0,0.0,3,3.0
Moultrie,1015445,United States,US,2022-11-17,1,1,1,10.061149,0.0,1,1.0,7,7.0
Mount Airy,1021226,United States,US,2022-11-10,1,0,1,220.108908,1.0,0,0.0,1,1.0
Mount Repose,9052489,United States,US,2022-11-11,1,1,2,2.9861905,1.0,0,0.0,6,6.0
Moville,1015935,United States,US,2022-11-28,1,0,1,0.0,1.0,0,0.0,2,2.0
Mumbai,1007785,India,IN,2022-11-11,1,1,1,455.296743,0.0,1,1.0,15,15.0
Mumbai,1007785,India,IN,2022-11-18,1,0,1,4.743066,1.0,0,0.0,3,3.0
Munich,1004234,Germany,DE,2022-11-11,1,0,1,2.494414,1.0,0,0.0,4,4.0
Murfreesboro,1026082,United States,US,2022-11-11,1,1,1,4.925193,1.0,0,0.0,4,4.0
Muroran,1009060,Japan,JP,2022-11-10,1,1,1,4.849388,1.0,0,0.0,4,4.0
Murphy,1021235,United States,US,2022-11-16,1,1,1,44.478121,0.0,1,1.0,6,6.0
Nanticoke,1025124,United States,US,2022-11-16,1,0,1,23.883474,0.0,1,1.0,4,4.0
Nashville,1026083,United States,US,2022-11-13,1,1,1,4.708284,1.0,0,0.0,4,4.0
Nashville,1026083,United States,US,2022-11-25,1,1,1,31.093318,0.0,1,1.0,22,22.0
Navan,1007883,Ireland,IE,2022-11-10,1,1,1,5.241115,0.0,1,1.0,6,6.0
Navi Mumbai,9040246,India,IN,2022-11-11,1,1,1,216.088713,0.0,1,1.0,14,14.0
Needles,1014049,United States,US,2022-11-28,1,0,1,0.0,0.0,1,1.0,2,2.0
Needles,1014049,United States,US,2022-12-03,1,0,1,1263.143841,1.0,0,0.0,2,2.0
Neenah,1028104,United States,US,2022-11-10,1,1,1,13.117104,0.0,1,1.0,9,9.0
Nelson,1001928,Canada,CA,2022-11-16,1,1,1,4.86495,1.0,0,0.0,4,4.0
Netanya,1007986,Israel,IL,2022-11-16,1,1,1,0.0,1.0,0,0.0,3,3.0
Neuss,1004708,Germany,DE,2022-11-10,1,1,1,47.271332,0.0,1,1.0,5,5.0
New Brighton,9052507,United States,US,2022-11-10,1,1,1,22.432156,0.0,1,1.0,5,5.0
New Britain,1014774,United States,US,2022-11-10,1,1,1,4.941636,1.0,0,0.0,4,4.0
New Haven,1014778,United States,US,2022-11-11,1,1,1,11.30547,0.0,1,1.0,8,8.0
New Orleans,1018036,United States,US,2022-11-25,1,1,1,181.157498,0.0,1,1.0,8,8.0
New York,1023191,United States,US,2022-11-12,1,1,4,21.57687025,0.5,2,0.5,15,15.0
New York,1023191,United States,US,2022-11-19,1,1,1,31.853863,0.0,1,1.0,8,8.0
New York,1023191,United States,US,2022-11-21,1,1,1,2.743206,0.0,1,1.0,6,6.0
New York,1023191,United States,US,2022-11-25,1,1,2,1.851189,0.5,1,0.5,9,9.0
New York,1023191,United States,US,2022-11-26,1,1,1,10.614109,0.0,1,1.0,8,8.0
New York,1023191,United States,US,2022-11-27,1,1,1,14.383661,0.0,1,1.0,5,5.0
New York,1023191,United States,US,2022-11-30,1,1,1,0.0,1.0,0,0.0,3,3.0
New York,1023191,United States,US,2022-12-01,1,1,1,8.63966,0.0,1,1.0,7,7.0
New York,1023191,United States,US,2022-12-02,1,0,2,2.5180195,0.5,1,0.5,7,7.0
New York,1023191,United States,US,2022-12-03,1,1,1,4.919281,1.0,0,0.0,4,4.0
New York,1023191,United States,US,2022-12-04,1,1,1,25.374811,0.0,1,1.0,6,6.0
Newark,1022300,United States,US,2022-11-11,1,1,1,4.97468,1.0,0,0.0,4,4.0
Newcastle-under-Lyme,1006947,United Kingdom,GB,2022-11-10,1,1,1,0.0,1.0,0,0.0,3,3.0
Newman,1014057,United States,US,2022-12-04,1,1,1,5.067471,1.0,0,0.0,6,6.0
Noida,1007826,India,IN,2022-11-10,1,1,2,10.948742,0.5,1,0.5,10,10.0
North Greece,1023205,United States,US,2022-11-25,1,1,1,1.98783,1.0,0,0.0,5,5.0
North Vancouver,1001931,Canada,CA,2022-11-10,1,1,1,7.443262,0.0,1,1.0,7,7.0
Norton,1017584,United States,US,2022-12-03,1,0,1,12.695875,0.0,1,1.0,4,4.0
Nur-Sultan,1009806,Kazakhstan,KZ,2022-11-21,1,1,1,42.359837,0.0,1,1.0,8,8.0
Oak Hill,1028392,United States,US,2022-11-29,1,1,1,14.910837,0.0,1,1.0,5,5.0
Oak Park,1016734,United States,US,2022-11-10,1,1,1,4.900908,1.0,0,0.0,4,4.0
Oak Park,1019498,United States,US,2022-11-10,1,1,1,22.708694,0.0,1,1.0,6,6.0
Oakhurst,1014079,United States,US,2022-11-21,1,1,1,24.080428,0.0,1,1.0,5,5.0
Oakhurst,1014079,United States,US,2022-11-22,1,0,1,0.0,1.0,0,0.0,2,2.0
Oakhurst,1014079,United States,US,2022-12-02,1,1,1,0.0,1.0,0,0.0,3,3.0
Oakhurst,1014079,United States,US,2022-12-06,1,1,1,13.895341,0.0,1,1.0,6,6.0
Oceanside,1014085,United States,US,2022-11-14,1,1,1,0.0,1.0,0,0.0,3,3.0
Okanogan,1027689,United States,US,2022-11-30,1,1,1,17.490294,0.0,1,1.0,4,4.0
Oklahoma City,1024290,United States,US,2022-11-10,1,1,1,4.918349,1.0,0,0.0,4,4.0
Omaha,1021721,United States,US,2022-12-07,1,1,1,37.237063,0.0,1,1.0,8,8.0
Oneida,1026095,United States,US,2022-11-27,1,1,1,10.46183,0.0,1,1.0,6,6.0
Orange,1014090,United States,US,2022-11-10,1,1,1,5.06396,1.0,0,0.0,4,4.0
Orillia,1002373,Canada,CA,2022-11-10,1,1,1,4.831448,1.0,0,0.0,4,4.0
Orlando,1015150,United States,US,2022-11-13,1,0,1,333.865245,0.0,1,1.0,5,5.0
Orlando,1015150,United States,US,2022-11-24,1,1,1,4.329606,1.0,0,0.0,4,4.0
Osborne,1017591,United States,US,2022-11-13,1,1,1,0.0,1.0,0,0.0,3,3.0
Oshawa,1002375,Canada,CA,2022-12-07,1,1,1,12.306132,0.0,1,1.0,7,7.0
Osoyoos,1001933,Canada,CA,2022-11-10,1,1,1,27.476247,0.0,1,1.0,4,4.0
Ottawa,1002376,Canada,CA,2022-11-10,1,1,1,0.0,1.0,0,0.0,3,3.0
Ottawa,1002376,Canada,CA,2022-11-11,1,1,1,0.0,1.0,0,0.0,3,3.0
Ottawa,1002376,Canada,CA,2022-11-14,1,1,1,5.045893,1.0,0,0.0,4,4.0
Paducah,1017859,United States,US,2022-11-10,1,1,1,79.852497,0.0,1,1.0,6,6.0
Paintsville,1017860,United States,US,2022-11-10,1,1,1,4.935708,1.0,0,0.0,4,4.0
Palatka,1015156,United States,US,2022-11-10,1,0,1,130.450415,1.0,0,0.0,2,2.0
Palmdale,1014108,United States,US,2022-11-14,1,1,1,4.581553,1.0,0,0.0,4,4.0
Paris,1006094,France,FR,2022-11-10,1,1,1,0.0,1.0,0,0.0,3,3.0
Paris,1026678,United States,US,2022-11-10,1,1,1,4.965573,1.0,0,0.0,4,4.0
Pasco,1027704,United States,US,2022-12-07,1,1,1,4.898494,1.0,0,0.0,4,4.0
Pearl River,1023251,United States,US,2022-11-10,1,1,1,4.978982,1.0,0,0.0,4,4.0
Pearl River,1023251,United States,US,2022-11-16,1,0,2,286.5403925,0.5,1,0.5,26,26.0
Pegnitz,9048646,Germany,DE,2022-11-10,1,1,1,0.0,1.0,0,0.0,3,3.0
Pendleton,1017263,United States,US,2022-11-16,1,1,1,4.942313,1.0,0,0.0,6,6.0
Pennsville Township,9052658,United States,US,2022-11-21,1,0,1,16.650888,0.0,1,1.0,6,6.0
Peoria,1013461,United States,US,2022-11-18,1,1,1,34.043283,0.0,1,1.0,8,8.0
Perth,1000676,Australia,AU,2022-11-12,1,1,1,4.693596,1.0,0,0.0,5,5.0
Philadelphia,1025197,United States,US,2022-11-12,1,0,1,463.177421,1.0,0,0.0,3,3.0
Philadelphia,1025197,United States,US,2022-11-13,1,1,1,0.0,1.0,0,0.0,3,3.0
Philadelphia,1025197,United States,US,2022-11-20,1,1,1,50.348085,0.0,1,1.0,27,27.0
Philadelphia,1025197,United States,US,2022-11-25,1,1,1,251.616763,0.0,1,1.0,20,20.0
Phoenix,1013462,United States,US,2022-11-30,1,1,1,10.352757,0.0,1,1.0,5,5.0
Phoenix,1013462,United States,US,2022-12-02,1,0,1,51.943276,0.0,1,1.0,5,5.0
Pico Rivera,1014133,United States,US,2022-11-10,1,0,1,4.945462,1.0,0,0.0,3,3.0
Pine Mountain,1015472,United States,US,2022-11-19,1,1,1,0.0,1.0,0,0.0,3,3.0
Pine Ridge,1025839,United States,US,2022-12-03,1,0,1,4.858942,1.0,0,0.0,3,3.0
Piopolis,9104450,Canada,CA,2022-12-01,1,1,1,49.533338,0.0,1,1.0,10,10.0
Pittsburgh,1025202,United States,US,2022-11-10,1,1,1,4.504261,1.0,0,0.0,4,4.0
Pittsburgh,1025202,United States,US,2022-11-11,1,1,1,4.909351,1.0,0,0.0,4,4.0
Pittsburgh,1025202,United States,US,2022-11-12,1,0,1,4.471094,1.0,0,0.0,3,3.0
Plano,1026695,United States,US,2022-11-10,1,1,1,4.822284,1.0,0,0.0,4,4.0
Plummer,1016215,United States,US,2022-12-01,1,1,1,11.557352,0.0,1,1.0,6,6.0
Plummer,1016215,United States,US,2022-12-02,1,1,1,5.908279,1.0,0,0.0,6,6.0
Plymouth,1006988,United Kingdom,GB,2022-11-10,1,1,1,4.969743,0.0,1,1.0,4,4.0
Pompano Beach,1015176,United States,US,2022-11-11,1,0,1,4.916145,1.0,0,0.0,3,3.0
Pontotoc,1020802,United States,US,2022-11-13,1,1,1,4.932632,1.0,0,0.0,4,4.0
Port Alberni,1001937,Canada,CA,2022-12-05,1,1,1,15.196465,0.0,1,1.0,5,5.0
Port Salerno,9052702,United States,US,2022-11-10,1,1,1,0.0,1.0,0,0.0,3,3.0
Portland,1019006,United States,US,2022-11-30,1,1,1,4.915402,1.0,0,0.0,4,4.0
Porto Alegre,1001686,Brazil,BR,2022-11-10,1,1,1,5.122511,1.0,0,0.0,4,4.0
Portola,1014160,United States,US,2022-11-14,1,0,1,0.0,1.0,0,0.0,2,2.0
Portola,1014160,United States,US,2022-12-04,1,0,1,741.689327,1.0,0,0.0,2,2.0
Presque Isle,1019008,United States,US,2022-11-10,1,1,1,4.937438,1.0,0,0.0,4,4.0
Pretoria,1028682,South Africa,ZA,2022-11-10,1,1,1,4.972878,1.0,0,0.0,4,4.0
Prineville,1024545,United States,US,2022-11-10,1,1,1,5.543691,0.0,1,1.0,5,5.0
Providence,1025477,United States,US,2022-11-21,1,1,1,9.476224,0.0,1,1.0,7,7.0
Provo,1026980,United States,US,2022-11-10,1,1,1,5.04169,1.0,0,0.0,4,4.0
Pulaski,1028174,United States,US,2022-11-10,1,1,1,0.0,1.0,0,0.0,3,3.0
Pullman,1027718,United States,US,2022-12-03,1,0,1,58.919123,1.0,0,0.0,4,4.0
Purcellville,1027261,United States,US,2022-11-13,1,1,1,0.0,1.0,0,0.0,3,3.0
Quezon City,1011173,Philippines,PH,2022-11-11,1,1,1,0.060023,1.0,0,0.0,4,4.0
Quincy,1014163,United States,US,2022-11-23,1,0,1,6.791228,0.0,1,1.0,3,3.0
Quincy,1014163,United States,US,2022-12-07,1,1,1,4.912839,1.0,0,0.0,4,4.0
Quincy,1016792,United States,US,2022-11-10,1,1,1,23.621302,0.0,1,1.0,4,4.0
Quincy,1027721,United States,US,2022-11-14,1,1,1,4.90749,1.0,0,0.0,4,4.0
Quincy,1027721,United States,US,2022-12-04,1,1,1,6.551456,1.0,0,0.0,5,5.0
Radcliff,1017873,United States,US,2022-11-13,1,0,1,861.605624,1.0,0,0.0,2,2.0
Raleigh,1021278,United States,US,2022-11-14,1,1,1,0.0,1.0,0,0.0,3,3.0
Ramos Arizpe,1010133,Mexico,MX,2022-11-10,1,0,1,44.897357,1.0,0,0.0,1,1.0
Rancho Cucamonga,1014167,United States,US,2022-12-02,1,1,1,20.39478,0.0,1,1.0,7,7.0
Rancho Palos Verdes,1014169,United States,US,2022-11-21,1,1,1,4.935559,1.0,0,0.0,4,4.0
Reading,9052732,United States,US,2022-11-16,1,1,1,4.934194,1.0,0,0.0,4,4.0
Redding,1014175,United States,US,2022-11-10,1,1,1,0.0,1.0,0,0.0,3,3.0
Redmond,1024548,United States,US,2022-12-03,1,0,1,78.977271,1.0,0,0.0,1,1.0
Reedley,1014181,United States,US,2022-11-28,1,1,1,4.78619,1.0,0,0.0,4,4.0
Reston,1027266,United States,US,2022-11-10,1,1,1,4.92126,1.0,0,0.0,4,4.0
Reus,9049184,Spain,ES,2022-11-10,1,1,1,2.123482,1.0,0,0.0,4,4.0
Reykjavik,1007962,Iceland,IS,2022-11-12,1,0,1,1174.9683,0.0,1,1.0,18,18.0
Richardson,1026729,United States,US,2022-11-10,1,1,1,5.982727,1.0,0,0.0,4,4.0
Richardson,1026729,United States,US,2022-11-24,1,1,1,4.896762,1.0,0,0.0,4,4.0
Richmond,1027270,United States,US,2022-11-10,1,1,1,43.575219,0.0,1,1.0,6,6.0
Ridgeland,1025646,United States,US,2022-11-15,1,0,1,59.059318,0.0,1,1.0,4,4.0
Rio Rancho,1022580,United States,US,2022-11-27,1,1,1,56.351363,0.0,1,1.0,14,14.0
Rio de Janeiro,1001655,Brazil,BR,2022-11-10,1,1,1,99.049482,0.0,1,1.0,4,4.0
Riverside,1014197,United States,US,2022-11-10,1,1,2,24.8516355,0.5,1,0.5,12,12.0
Riverside,1014197,United States,US,2022-11-11,1,1,1,4.892355,1.0,0,0.0,4,4.0
Riverton,1026984,United States,US,2022-11-10,1,1,1,4.991612,1.0,0,0.0,4,4.0
Riyadh,1012088,Saudi Arabia,SA,2022-11-12,1,1,1,0.0,1.0,0,0.0,3,3.0
Riyadh,1012088,Saudi Arabia,SA,2022-12-03,1,1,1,72.002532,0.0,1,1.0,20,20.0
Rochester,1023315,United States,US,2022-11-10,1,1,1,5.842347,0.0,1,1.0,6,6.0
Rocky Point,1023320,United States,US,2022-11-19,1,1,1,7.577285,0.0,1,1.0,7,7.0
Romney,1028412,United States,US,2022-11-10,1,0,1,70.730763,1.0,0,0.0,2,2.0
Romney,1028412,United States,US,2022-11-12,1,1,1,4.605447,1.0,0,0.0,4,4.0
Roscommon,1019565,United States,US,2022-11-15,1,0,1,6.027353,0.0,1,1.0,4,4.0
Rotterdam,1010751,Netherlands,NL,2022-11-10,1,1,1,5.098575,1.0,0,0.0,4,4.0
Roxboro,1021295,United States,US,2022-11-11,1,1,1,0.0,1.0,0,0.0,3,3.0
Royal Leamington Spa,1007030,United Kingdom,GB,2022-11-10,1,1,1,6.610589,0.0,1,1.0,7,7.0
Runcorn,1007035,United Kingdom,GB,2022-11-10,1,1,1,5.024678,1.0,0,0.0,4,4.0
Sacramento,1014208,United States,US,2022-11-13,1,1,1,6.914476,0.0,1,1.0,7,7.0
Sacramento,1014208,United States,US,2022-11-16,1,1,1,26.689196,0.0,1,1.0,6,6.0
Sacramento,1014208,United States,US,2022-11-29,1,1,2,2.47833,1.0,0,0.0,6,6.0
Saint Paul,1020090,United States,US,2022-11-10,1,1,1,4.224698,0.0,1,1.0,7,7.0
Saint Paul,1020090,United States,US,2022-11-16,1,1,1,4.860343,1.0,0,0.0,4,4.0
Saint Polten,1000772,Austria,AT,2022-11-10,1,1,1,8.508198,1.0,0,0.0,5,5.0
Saint-Hyacinthe,1002662,Canada,CA,2022-11-10,1,0,1,2515.216616,1.0,0,0.0,2,2.0
Salem,1024555,United States,US,2022-11-10,1,1,1,0.0,1.0,0,0.0,3,3.0
Salt Lake City,1026990,United States,US,2022-11-10,1,1,1,14.398619,0.0,1,1.0,7,7.0
Saluda,1025653,United States,US,2022-11-10,1,1,1,18.003564,0.0,1,1.0,6,6.0
San Antonio,1026759,United States,US,2022-11-22,1,1,1,4.897284,1.0,0,0.0,4,4.0
San Antonio,1026759,United States,US,2022-12-05,1,1,1,0.513183,1.0,0,0.0,4,4.0
San Carlos,1014216,United States,US,2022-12-04,1,0,1,5.02563,1.0,0,0.0,3,3.0
San Diego,1014218,United States,US,2022-11-10,1,1,1,14.43632,0.0,1,1.0,6,6.0
San Diego,1014218,United States,US,2022-11-27,1,1,1,93.191253,0.0,1,1.0,6,6.0
San Diego,1014218,United States,US,2022-12-04,1,1,1,0.0,1.0,0,0.0,3,3.0
San Francisco,1014221,United States,US,2022-11-10,1,1,1,0.0,1.0,0,0.0,3,3.0
San Francisco,1014221,United States,US,2022-11-25,1,1,1,12.28957,0.0,1,1.0,11,11.0
San Francisco,1014221,United States,US,2022-11-26,1,1,1,139.521175,0.0,1,1.0,8,8.0
San Francisco,1014221,United States,US,2022-12-05,1,1,1,42.122513,0.0,1,1.0,6,6.0
San Jose,1014226,United States,US,2022-11-13,1,1,1,5.025953,1.0,0,0.0,4,4.0
San Jose,1014226,United States,US,2022-11-28,1,1,1,20.664578,0.0,1,1.0,5,5.0
San Jose,1014226,United States,US,2022-11-30,1,0,1,0.0,1.0,0,0.0,2,2.0
San Jose,1014226,United States,US,2022-12-03,1,0,1,5.033731,0.0,1,1.0,3,3.0
San Jose,1014226,United States,US,2022-12-04,1,1,1,30.560577,0.0,1,1.0,11,11.0
San Luis Obispo,1014232,United States,US,2022-12-03,1,0,1,1588.998274,1.0,0,0.0,3,3.0
Sanger,9052806,United States,US,2022-11-10,1,0,1,929.842047,1.0,0,0.0,2,2.0
Santa Ana,1014247,United States,US,2022-11-30,1,0,1,101.977025,1.0,0,0.0,5,5.0
Santa Clarita,1014250,United States,US,2022-11-11,1,0,1,4.944561,1.0,0,0.0,3,3.0
Santa Fe,1022588,United States,US,2022-11-10,1,1,1,15.299954,0.0,1,1.0,5,5.0
Santa Monica,1014255,United States,US,2022-11-14,1,0,1,705.839763,0.0,1,1.0,5,5.0
Santa Monica,1014255,United States,US,2022-12-03,1,0,1,4.934545,1.0,0,0.0,3,3.0
Santa Monica,1014255,United States,US,2022-12-04,1,0,1,351.306833,0.0,1,1.0,11,11.0
Santa Monica,1014255,United States,US,2022-12-10,1,1,1,0.0,1.0,0,0.0,3,3.0
Santa Rosa,1014257,United States,US,2022-12-04,1,0,1,0.0,1.0,0,0.0,2,2.0
Santo Domingo,1005362,Dominican Republic,DO,2022-11-13,1,1,1,4.887105,1.0,0,0.0,4,4.0
Santo Domingo,1005362,Dominican Republic,DO,2022-11-19,1,0,4,27.6645895,0.5,2,0.5,19,19.0
Sayville,1023347,United States,US,2022-11-11,1,1,1,22.064298,0.0,1,1.0,5,5.0
Scarsdale,1023348,United States,US,2022-11-18,1,1,1,4.951726,1.0,0,0.0,4,4.0
Scottsdale,1013482,United States,US,2022-11-10,1,1,1,269.57218,0.0,1,1.0,5,5.0
Scunthorpe,1007055,United Kingdom,GB,2022-11-13,1,1,1,34.128442,0.0,1,1.0,6,6.0
Seaside,1014264,United States,US,2022-11-28,1,1,1,7.796746,0.0,1,1.0,7,7.0
Seattle,1027744,United States,US,2022-11-12,1,1,1,46.162249,0.0,1,1.0,8,8.0
Seattle,1027744,United States,US,2022-11-14,1,1,1,4.792742,1.0,0,0.0,4,4.0
Seattle,1027744,United States,US,2022-11-25,1,1,1,4.715333,1.0,0,0.0,4,4.0
Selmer,1026124,United States,US,2022-11-10,1,1,1,0.0,1.0,0,0.0,3,3.0
Sharjah,9047580,United Arab Emirates,AE,2022-12-08,1,0,1,6.325704,0.0,1,1.0,6,6.0
Shawnee,1017631,United States,US,2022-11-10,1,1,1,0.0,1.0,0,0.0,3,3.0
Sheffield,1007064,United Kingdom,GB,2022-11-10,1,0,1,719.047904,1.0,0,0.0,1,1.0
Shepshed,1007067,United Kingdom,GB,2022-11-14,1,1,1,4.896481,1.0,0,0.0,4,4.0
Sheridan,1028501,United States,US,2022-11-11,1,1,1,0.0,1.0,0,0.0,3,3.0
Sheridan,1028501,United States,US,2022-12-03,1,1,1,23.075541,0.0,1,1.0,6,6.0
Silver Springs Shores,9052851,United States,US,2022-11-26,1,1,1,27.030102,0.0,1,1.0,15,15.0
Singapore,1012096,Singapore,SG,2022-11-13,1,1,1,4.72967,1.0,0,0.0,4,4.0
Slippery Rock,1025289,United States,US,2022-11-27,1,0,1,54.246529,1.0,0,0.0,8,8.0
Smithers,1001958,Canada,CA,2022-11-16,1,0,1,4.863239,1.0,0,0.0,3,3.0
Sonora,1014289,United States,US,2022-11-11,1,1,1,6.706818,1.0,0,0.0,5,5.0
Sound Beach,1023377,United States,US,2022-11-11,1,0,1,4.740205,1.0,0,0.0,3,3.0
South Pasadena,1014294,United States,US,2022-11-26,1,1,1,55.837803,0.0,1,1.0,8,8.0
South Tangerang,9056654,Indonesia,ID,2022-11-10,1,1,1,8.685368,0.0,1,1.0,6,6.0
Soweto,1029034,South Africa,ZA,2022-11-11,1,1,1,0.001265,0.0,1,1.0,4,4.0
Sparks,1022656,United States,US,2022-11-15,1,0,1,253.21493,1.0,0,0.0,11,11.0
Sparks,1022656,United States,US,2022-12-02,1,1,1,17.96235,0.0,1,1.0,5,5.0
Spokane,1027760,United States,US,2022-12-01,1,1,1,0.0,0.0,1,1.0,3,3.0
Spring Grove,1020079,United States,US,2022-12-06,1,1,1,14.181399,0.0,1,1.0,5,5.0
Springdale,1013339,United States,US,2022-12-10,1,1,1,16.699213,0.0,1,1.0,9,9.0
Springfield,1020610,United States,US,2022-11-20,1,1,1,839.019869,0.0,1,1.0,8,8.0
Springfield,1024569,United States,US,2022-11-14,1,0,1,851.851351,1.0,0,0.0,2,2.0
Springfield,1024569,United States,US,2022-12-01,1,1,1,12.001581,0.0,1,1.0,5,5.0
Springfield,1024569,United States,US,2022-12-03,1,1,1,26.192377,0.0,1,1.0,6,6.0
St. Catharines,1002428,Canada,CA,2022-11-10,1,1,1,21.11123,0.0,1,1.0,7,7.0
St. George,1026999,United States,US,2022-11-14,1,1,1,4.956457,1.0,0,0.0,4,4.0
St. Louis,1020618,United States,US,2022-11-10,1,1,1,0.0,1.0,0,0.0,3,3.0
Stanton,1017894,United States,US,2022-11-16,1,1,1,4.955841,1.0,0,0.0,4,4.0
Stephenson,1019610,United States,US,2022-11-10,1,1,1,0.0,1.0,0,0.0,3,3.0
Sterling Heights,1019612,United States,US,2022-12-06,1,1,1,50.945678,0.0,1,1.0,7,7.0
Stockport,1007118,United Kingdom,GB,2022-11-10,1,1,1,4.758927,1.0,0,0.0,4,4.0
Stuttgart,1004054,Germany,DE,2022-11-10,1,1,1,4.612052,1.0,0,0.0,4,4.0
Sumner,1019064,United States,US,2022-11-10,1,1,1,5.040296,1.0,0,0.0,4,4.0
Sun Prairie,1028233,United States,US,2022-11-13,1,1,1,4.80916,1.0,0,0.0,4,4.0
Sunrise,9052942,United States,US,2022-11-13,1,1,1,4.942559,1.0,0,0.0,4,4.0
Surprise,1013500,United States,US,2022-11-10,1,1,1,5.197335,1.0,0,0.0,4,4.0
Suttons Bay,1019616,United States,US,2022-12-07,1,1,1,0.0,1.0,0,0.0,3,3.0
Svendborg,1005176,Denmark,DK,2022-11-26,1,1,1,43.449566,0.0,1,1.0,7,7.0
Sydney,1000286,Australia,AU,2022-11-11,1,1,1,4.641987,1.0,0,0.0,4,4.0
Syracuse,1023416,United States,US,2022-11-16,1,0,1,132.414715,1.0,0,0.0,8,8.0
Tahlequah,1024346,United States,US,2022-11-20,1,1,1,25.248172,0.0,1,1.0,6,6.0
Tallahassee,1015213,United States,US,2022-11-13,1,1,1,12.221023,0.0,1,1.0,4,4.0
Tallahassee,1015213,United States,US,2022-11-22,1,1,1,24.52549,0.0,1,1.0,6,6.0
Teaneck,1022436,United States,US,2022-11-16,1,1,1,4.960355,1.0,0,0.0,4,4.0
Tehachapi,1014326,United States,US,2022-12-03,1,0,1,4.935073,0.0,1,1.0,3,3.0
Tempe,1013502,United States,US,2022-11-28,1,1,1,291.021916,0.0,1,1.0,7,7.0
The Hague,1010752,Netherlands,NL,2022-11-10,1,1,1,0.0,1.0,0,0.0,3,3.0
Thomaston,1015529,United States,US,2022-11-11,1,0,1,45.718129,1.0,0,0.0,1,1.0
Thousand Oaks,1014332,United States,US,2022-12-02,1,1,1,6.484225,1.0,0,0.0,5,5.0
Tijuana,9073855,Mexico,MX,2022-11-16,1,1,1,10.011925,0.0,1,1.0,4,4.0
Toowoomba,1000412,Australia,AU,2022-11-11,1,1,1,5.029209,1.0,0,0.0,4,4.0
Toronto,1002451,Canada,CA,2022-11-11,1,1,1,14.545232,0.0,1,1.0,5,5.0
Toronto,1002451,Canada,CA,2022-11-29,1,1,1,5.064605,0.0,1,1.0,7,7.0
Toronto,1002451,Canada,CA,2022-11-30,1,0,1,5.885879,1.0,0,0.0,4,4.0
Torrance,1014339,United States,US,2022-11-10,1,1,1,10.385558,0.0,1,1.0,5,5.0
Torrance,1014339,United States,US,2022-11-26,1,1,1,545.05908,0.0,1,1.0,24,24.0
Trenton,1022444,United States,US,2022-12-03,1,1,1,22.696169,0.0,1,1.0,5,5.0
Trieste,1008870,Italy,IT,2022-11-10,1,1,1,0.0,1.0,0,0.0,3,3.0
Tucson,1013509,United States,US,2022-11-10,1,1,1,10.92732,0.0,1,1.0,7,7.0
Tucson,1013509,United States,US,2022-11-12,1,1,1,0.0,1.0,0,0.0,3,3.0
Turin,1008857,Italy,IT,2022-11-13,1,1,1,0.0,1.0,0,0.0,3,3.0
Turlock,1014351,United States,US,2022-11-14,1,0,1,557.275375,1.0,0,0.0,2,2.0
Tyler,1026855,United States,US,2022-11-25,1,1,1,15.323231,0.0,1,1.0,6,6.0
Uelzen,1004564,Germany,DE,2022-11-10,1,1,1,5.063505,1.0,0,0.0,4,4.0
Vail,1013510,United States,US,2022-12-02,1,1,1,37.527145,0.0,1,1.0,6,6.0
Valdosta,1015544,United States,US,2022-11-16,1,1,1,0.0,0.0,1,1.0,3,3.0
Valencia,1005545,Spain,ES,2022-11-10,1,1,1,4.433265,1.0,0,0.0,4,4.0
Vantaa,1005614,Finland,FI,2022-11-10,1,1,1,2.737467,0.0,1,1.0,7,7.0
Varanasi,1007827,India,IN,2022-11-16,1,0,1,21.579,0.0,1,1.0,4,4.0
Vaughan,1002459,Canada,CA,2022-11-14,1,1,1,4.964857,1.0,0,0.0,4,4.0
Versailles,1017348,United States,US,2022-11-10,1,0,1,0.0,1.0,0,0.0,2,2.0
Viciebsk,1001495,Belarus,BY,2022-11-11,1,1,2,76.3943,1.0,0,0.0,4,4.0
Vidalia,1015545,United States,US,2022-12-04,1,1,1,5.046242,1.0,0,0.0,4,4.0
Vienna,1000997,Austria,AT,2022-11-10,1,1,1,54.239298,0.0,1,1.0,6,6.0
Vienna,1000997,Austria,AT,2022-11-11,1,1,1,4.970481,1.0,0,0.0,4,4.0
Vienna,1027317,United States,US,2022-11-10,1,1,1,5.023069,1.0,0,0.0,4,4.0
Visalia,1014373,United States,US,2022-11-10,1,1,1,4.878224,1.0,0,0.0,4,4.0
Visalia,1014373,United States,US,2022-11-14,1,1,1,8.016927,1.0,0,0.0,4,4.0
Visalia,1014373,United States,US,2022-12-02,1,1,1,4.930912,1.0,0,0.0,4,4.0
Visalia,1014373,United States,US,2022-12-03,1,0,1,147.530252,0.0,1,1.0,9,9.0
Voorhees Township,1022455,United States,US,2022-11-10,1,1,1,4.925826,1.0,0,0.0,4,4.0
Vra,1005357,Denmark,DK,2022-11-10,1,1,1,76.001985,0.0,1,1.0,7,7.0
Waco,1026867,United States,US,2022-11-10,1,1,1,28.507296,0.0,1,1.0,9,9.0
Wake Forest,1021350,United States,US,2022-11-10,1,1,1,11.927196,0.0,1,1.0,7,7.0
Wakefield,1007188,United Kingdom,GB,2022-11-11,1,1,1,0.0,1.0,0,0.0,3,3.0
Walnut,1014376,United States,US,2022-12-03,1,0,1,14.401757,0.0,1,1.0,4,4.0
Walnut Creek,1014377,United States,US,2022-11-30,1,1,1,4.912148,1.0,0,0.0,4,4.0
Warm Springs,1024592,United States,US,2022-11-14,1,0,1,49.910087,0.0,1,1.0,3,3.0
Warm Springs,1024592,United States,US,2022-12-01,1,0,1,73.680861,1.0,0,0.0,1,1.0
Warsaw,1011419,Poland,PL,2022-11-10,1,1,1,4.965753,1.0,0,0.0,4,4.0
Washington,1014895,United States,US,2022-11-12,1,1,1,4.856684,1.0,0,0.0,4,4.0
Waverly,1024066,United States,US,2022-11-11,1,0,1,0.0,1.0,0,0.0,2,2.0
Waverly,1024066,United States,US,2022-11-16,1,0,1,142.976255,1.0,0,0.0,4,4.0
Wayne,1022464,United States,US,2022-11-10,1,1,1,4.868368,1.0,0,0.0,4,4.0
Wayne,1022464,United States,US,2022-12-02,1,1,1,4.532037,1.0,0,0.0,4,4.0
Webster,1028273,United States,US,2022-11-25,1,1,1,4.526561,1.0,0,0.0,4,4.0
Wenatchee,1027801,United States,US,2022-11-18,1,1,1,0.0,1.0,0,0.0,3,3.0
Wenatchee,1027801,United States,US,2022-12-02,1,0,1,86.619599,1.0,0,0.0,4,4.0
Wendell,1021363,United States,US,2022-11-21,1,1,1,38.775597,0.0,1,1.0,6,6.0
West Caldwell,9053105,United States,US,2022-11-10,1,1,1,4.852941,1.0,0,0.0,4,4.0
West Carson,9053107,United States,US,2022-11-28,1,1,1,11.723277,0.0,1,1.0,7,7.0
West Jordan,1027010,United States,US,2022-11-10,1,1,1,4.899202,1.0,0,0.0,4,4.0
West Liberty,1017912,United States,US,2022-11-10,1,1,1,0.0,0.0,1,1.0,3,3.0
West Wendover,1022663,United States,US,2022-12-02,1,1,2,6.578312,1.0,0,0.0,8,8.0
Westfield,1018477,United States,US,2022-12-03,1,1,1,8.019344,0.0,1,1.0,7,7.0
Whitehall,1019663,United States,US,2022-11-10,1,1,1,0.0,1.0,0,0.0,3,3.0
Wichita,1017673,United States,US,2022-11-10,1,1,1,14.903124,0.0,1,1.0,5,5.0
Willard,1020683,United States,US,2022-11-10,1,1,1,4.358477,0.0,1,1.0,7,7.0
Williamsburg,1027337,United States,US,2022-11-10,1,1,1,4.179289,1.0,0,0.0,5,5.0
Williamson,1028446,United States,US,2022-11-16,1,1,1,52.660203,0.0,1,1.0,7,7.0
Willows,1014404,United States,US,2022-11-26,1,1,1,7.062289,1.0,0,0.0,4,4.0
Wilson,1021375,United States,US,2022-12-07,1,1,1,4.932473,1.0,0,0.0,4,4.0
Wilton,1014884,United States,US,2022-11-27,1,1,1,60.706954,0.0,1,1.0,8,8.0
Windsor,1002473,Canada,CA,2022-11-11,1,1,1,4.748386,1.0,0,0.0,4,4.0
Winlock,1027806,United States,US,2022-11-28,1,0,1,1207.154563,1.0,0,0.0,1,1.0
Winter Haven,1015236,United States,US,2022-12-06,1,0,1,0.0,1.0,0,0.0,2,2.0
Wolcott,1023506,United States,US,2022-11-11,1,1,1,0.0,1.0,0,0.0,3,3.0
Woodbridge Township,9053196,United States,US,2022-11-18,1,1,1,0.0,1.0,0,0.0,3,3.0
Woodlake,1014414,United States,US,2022-11-15,1,1,1,100.669899,0.0,1,1.0,10,10.0
Wymore,1021793,United States,US,2022-11-16,1,1,1,16.298997,0.0,1,1.0,5,5.0
York,1007266,United Kingdom,GB,2022-11-10,1,1,1,4.909916,0.0,1,1.0,4,4.0
Ypsilanti Charter Township,9053228,United States,US,2022-11-10,1,1,1,4.857629,1.0,0,0.0,4,4.0
Yreka,1014423,United States,US,2022-12-05,1,1,1,4.67913,1.0,0,0.0,4,4.0
Yuba City,1014424,United States,US,2022-12-03,1,1,1,106.64644,0.0,1,1.0,6,6.0
Zeeland charter Township,9053229,United States,US,2022-11-10,1,1,1,4.904832,1.0,0,0.0,4,4.0
Zurich,1003297,Switzerland,CH,2022-11-10,1,1,1,4.903924,1.0,0,0.0,4,4.0
Zurich,1003297,Switzerland,CH,2022-11-11,1,1,1,4.987476,1.0,0,0.0,4,4.0
(not set),(not set),Andorra,AD,2022-11-13,0,0,1,4.971005,1.0,0,0.0,3,0.0
(not set),(not set),Andorra,AD,2022-11-15,0,0,1,0.0,1.0,0,0.0,2,0.0
(not set),(not set),Andorra,AD,2022-11-16,0,0,1,5.019623,1.0,0,0.0,3,0.0
(not set),(not set),Canada,CA,2022-11-17,0,0,1,4.732226,1.0,0,0.0,3,0.0
(not set),(not set),Portugal,PT,2022-11-15,0,0,2,2.468923,1.0,0,0.0,5,0.0
Abilene,1017386,United States,US,2022-11-19,0,0,1,0.0,1.0,0,0.0,2,0.0
Adelaide,1000422,Australia,AU,2022-11-28,0,0,1,4.761883,1.0,0,0.0,3,0.0
Ahmedabad,1007753,India,IN,2022-11-11,0,0,2,2.68758,1.0,0,0.0,5,0.0
Arcata,1013553,United States,US,2022-12-04,0,0,1,0.0,1.0,0,0.0,2,0.0
Attleboro,1018104,United States,US,2022-11-18,0,0,1,0.186093,1.0,0,0.0,3,0.0
Beebe,1013171,United States,US,2022-12-01,0,0,1,2.535082,1.0,0,0.0,3,0.0
Blackstone,1027042,United States,US,2022-11-15,0,0,1,0.0,1.0,0,0.0,2,0.0
Carson City,1022620,United States,US,2022-12-09,0,0,1,0.0,1.0,0,0.0,2,0.0
Centralia,1027536,United States,US,2022-11-14,0,0,1,0.0,1.0,0,0.0,2,0.0
Chicago,1016367,United States,US,2022-11-11,0,0,1,0.0,1.0,0,0.0,2,0.0
Cleveland,1023631,United States,US,2022-11-14,0,0,3,0.0,1.0,0,0.0,6,0.0
Clyde,1023634,United States,US,2022-11-10,0,0,1,0.0,1.0,0,0.0,2,0.0
Coeur d'Alene,1016140,United States,US,2022-12-04,0,0,1,0.0,1.0,0,0.0,2,0.0
Delhi,9075215,India,IN,2022-12-04,0,0,1,0.0,1.0,0,0.0,2,0.0
Fort Pierce,1015031,United States,US,2022-11-12,0,0,1,4.977077,1.0,0,0.0,3,0.0
Freehold Township,9051993,United States,US,2022-12-05,0,0,1,0.0,1.0,0,0.0,2,0.0
Hamilton,1002287,Canada,CA,2022-12-08,0,0,1,0.0,1.0,0,0.0,2,0.0
Hayward,1013848,United States,US,2022-11-22,0,0,1,0.0,1.0,0,0.0,2,0.0
Hermiston,1024478,United States,US,2022-11-26,0,0,1,0.0,1.0,0,0.0,2,0.0
Joliet,1016584,United States,US,2022-12-07,0,0,1,0.0,1.0,0,0.0,2,0.0
Kalispell,1020913,United States,US,2022-12-09,0,0,1,0.0,1.0,0,0.0,2,0.0
Kitchener,1002312,Canada,CA,2022-11-11,0,0,1,0.0,1.0,0,0.0,2,0.0
Lakeport,1013928,United States,US,2022-11-16,0,0,1,4.804817,1.0,0,0.0,3,0.0
Lamoni,1015866,United States,US,2022-11-14,0,0,1,0.0,1.0,0,0.0,2,0.0
Lancaster,1025597,United States,US,2022-11-15,0,0,1,5.046845,1.0,0,0.0,3,0.0
Lancaster,1025597,United States,US,2022-11-30,0,0,1,0.0,1.0,0,0.0,2,0.0
Las Vegas,1022639,United States,US,2022-11-15,0,0,3,5.166807,1.0,0,0.0,9,0.0
Las Vegas,1022639,United States,US,2022-12-04,0,0,1,4.935116,1.0,0,0.0,3,0.0
Lisbon,1011742,Portugal,PT,2022-12-04,0,0,1,4.912685,1.0,0,0.0,3,0.0
Lisbon,1011742,Portugal,PT,2022-12-09,0,0,1,5.006291,1.0,0,0.0,3,0.0
Los Angeles,1013962,United States,US,2022-12-08,0,0,2,0.0,1.0,0,0.0,4,0.0
Merced,1014004,United States,US,2022-11-24,0,0,1,0.0,1.0,0,0.0,2,0.0
Milanville,1025084,United States,US,2022-11-11,0,0,1,0.0,1.0,0,0.0,2,0.0
Milford,1014765,United States,US,2022-11-10,0,0,1,0.0,1.0,0,0.0,2,0.0
Milwaukee,1028087,United States,US,2022-12-01,0,0,1,0.0,1.0,0,0.0,2,0.0
Monmouth,9052460,United States,US,2022-11-24,0,0,1,0.0,1.0,0,0.0,2,0.0
New Haven,1014778,United States,US,2022-11-12,0,0,1,4.911519,1.0,0,0.0,3,0.0
New York,1023191,United States,US,2022-11-17,0,0,1,0.0,1.0,0,0.0,2,0.0
New York,1023191,United States,US,2022-11-22,0,0,1,4.963555,1.0,0,0.0,3,0.0
New York,1023191,United States,US,2022-12-07,0,0,1,0.0,1.0,0,0.0,2,0.0
Newcastle upon Tyne,1006948,United Kingdom,GB,2022-11-16,0,0,1,4.807173,1.0,0,0.0,3,0.0
Palmdale,1014108,United States,US,2022-12-06,0,0,1,4.698508,1.0,0,0.0,3,0.0
Philadelphia,1025197,United States,US,2022-11-21,0,0,1,0.0,1.0,0,0.0,2,0.0
Portland,1024543,United States,US,2022-11-12,0,0,1,0.0,1.0,0,0.0,2,0.0
Richmond Hill,1002405,Canada,CA,2022-11-15,0,0,1,0.0,1.0,0,0.0,2,0.0
Rosemead,1014203,United States,US,2022-12-04,0,0,1,5.174546,1.0,0,0.0,3,0.0
Salinas,1014210,United States,US,2022-11-14,0,0,1,0.0,1.0,0,0.0,2,0.0
San Jose,1014226,United States,US,2022-11-14,0,0,1,4.798796,1.0,0,0.0,1,0.0
Santa Monica,1014255,United States,US,2022-11-11,0,0,1,0.0,1.0,0,0.0,2,0.0
Santa Monica,1014255,United States,US,2022-11-15,0,0,1,4.910127,1.0,0,0.0,3,0.0
Santa Monica,1014255,United States,US,2022-11-18,0,0,1,4.977474,1.0,0,0.0,3,0.0
Seoul,1009871,South Korea,KR,2022-11-24,0,0,1,0.0,1.0,0,0.0,2,0.0
Sullivan,1017325,United States,US,2022-11-19,0,0,1,0.0,1.0,0,0.0,2,0.0
Tiffin,1024031,United States,US,2022-12-02,0,0,1,5.14885,1.0,0,0.0,3,0.0
